year,month,site_code,product_code,predicted_value
2019,10,C4001,AS27134,11.0
2019,10,C4001,AS27132,3.0
2019,10,C4001,AS27000,9.0
2019,10,C4001,AS27137,3.0
2019,10,C4001,AS27138,3.0
2019,10,C4001,AS27133,37.0
2019,10,C4023,AS27000,16.0
2019,10,C4023,AS27133,36.0
2019,11,C4023,AS27000,16.0
2019,11,C4023,AS27133,36.0
2019,11,C4001,AS27134,11.0
2019,11,C4001,AS27132,3.0
2019,11,C4001,AS27000,9.0
2019,11,C4001,AS27137,3.0
2019,11,C4001,AS27138,3.0
2019,11,C4001,AS27133,37.0
2019,12,C4001,AS27134,11.0
2019,12,C4001,AS27132,3.0
2019,12,C4001,AS27000,9.0
2019,12,C4001,AS27137,3.0
2019,12,C4001,AS27138,3.0
2019,12,C4001,AS27133,37.0
2019,12,C4023,AS27000,16.0
2019,12,C4023,AS27133,36.0
2019,10,C1080,AS42018,12.0
2019,10,C1080,AS21126,7.0
2019,10,C1080,AS27134,28.0
2019,10,C1080,AS27132,12.0
2019,10,C1080,AS27000,194.0
2019,10,C1080,AS27137,12.0
2019,10,C1080,AS27138,12.0
2019,10,C1080,AS27133,67.0
2019,10,C1063,AS21126,1.0
2019,10,C1063,AS42018,2.0
2019,10,C1063,AS46000,1.0
2019,10,C1063,AS17005,2.0
2019,10,C1063,AS27134,8.0
2019,10,C1063,AS27132,2.0
2019,10,C1063,AS27000,3.0
2019,10,C1063,AS27139,1.0
2019,10,C1063,AS27137,2.0
2019,10,C1063,AS27138,2.0
2019,10,C1063,AS27133,29.0
2019,10,C1010,AS27134,13.0
2019,10,C1010,AS27132,5.0
2019,10,C1010,AS27000,16.0
2019,10,C1010,AS27137,5.0
2019,10,C1010,AS27138,5.0
2019,10,C1010,AS27133,69.0
2019,10,C1066,AS27134,43.0
2019,10,C1066,AS27132,15.0
2019,10,C1066,AS27000,40.0
2019,10,C1066,AS27137,15.0
2019,10,C1066,AS27138,15.0
2019,10,C1066,AS27133,109.0
2019,10,C1026,AS27134,7.0
2019,10,C1026,AS27132,12.0
2019,10,C1026,AS27000,68.0
2019,10,C1026,AS27137,12.0
2019,10,C1026,AS27138,12.0
2019,10,C1026,AS27133,17.0
2019,10,C1011,AS21126,1.0
2019,10,C1011,AS46000,1.0
2019,10,C1011,AS27134,1.0
2019,10,C1011,AS27132,11.0
2019,10,C1011,AS27000,13.0
2019,10,C1011,AS27139,1.0
2019,10,C1011,AS27137,11.0
2019,10,C1011,AS27138,11.0
2019,10,C1011,AS27133,70.0
2019,11,C1080,AS21126,7.0
2019,11,C1080,AS42018,12.0
2019,11,C1080,AS27134,28.0
2019,11,C1080,AS27132,12.0
2019,11,C1080,AS27000,194.0
2019,11,C1080,AS27137,12.0
2019,11,C1080,AS27138,12.0
2019,11,C1080,AS27133,67.0
2019,11,C1026,AS27134,7.0
2019,11,C1026,AS27132,12.0
2019,11,C1026,AS27000,68.0
2019,11,C1026,AS27137,12.0
2019,11,C1026,AS27138,12.0
2019,11,C1026,AS27133,17.0
2019,11,C1066,AS27134,43.0
2019,11,C1066,AS27132,15.0
2019,11,C1066,AS27000,40.0
2019,11,C1066,AS27137,15.0
2019,11,C1066,AS27138,15.0
2019,11,C1066,AS27133,109.0
2019,11,C1010,AS27134,13.0
2019,11,C1010,AS27132,5.0
2019,11,C1010,AS27000,16.0
2019,11,C1010,AS27137,5.0
2019,11,C1010,AS27138,5.0
2019,11,C1010,AS27133,69.0
2019,11,C1011,AS21126,1.0
2019,11,C1011,AS46000,1.0
2019,11,C1011,AS27134,1.0
2019,11,C1011,AS27132,11.0
2019,11,C1011,AS27000,13.0
2019,11,C1011,AS27139,1.0
2019,11,C1011,AS27137,11.0
2019,11,C1011,AS27138,11.0
2019,11,C1011,AS27133,70.0
2019,11,C1063,AS42018,2.0
2019,11,C1063,AS21126,1.0
2019,11,C1063,AS46000,1.0
2019,11,C1063,AS17005,2.0
2019,11,C1063,AS27134,8.0
2019,11,C1063,AS27132,2.0
2019,11,C1063,AS27000,3.0
2019,11,C1063,AS27139,1.0
2019,11,C1063,AS27137,2.0
2019,11,C1063,AS27138,2.0
2019,11,C1063,AS27133,29.0
2019,12,C1080,AS21126,7.0
2019,12,C1080,AS42018,12.0
2019,12,C1080,AS27134,28.0
2019,12,C1080,AS27132,12.0
2019,12,C1080,AS27000,194.0
2019,12,C1080,AS27137,12.0
2019,12,C1080,AS27138,12.0
2019,12,C1080,AS27133,67.0
2019,12,C1026,AS27134,7.0
2019,12,C1026,AS27132,12.0
2019,12,C1026,AS27000,68.0
2019,12,C1026,AS27137,12.0
2019,12,C1026,AS27138,12.0
2019,12,C1026,AS27133,17.0
2019,12,C1010,AS27134,13.0
2019,12,C1010,AS27132,5.0
2019,12,C1010,AS27000,16.0
2019,12,C1010,AS27137,5.0
2019,12,C1010,AS27138,5.0
2019,12,C1010,AS27133,69.0
2019,12,C1066,AS27134,43.0
2019,12,C1066,AS27132,15.0
2019,12,C1066,AS27000,40.0
2019,12,C1066,AS27137,15.0
2019,12,C1066,AS27138,15.0
2019,12,C1066,AS27133,109.0
2019,12,C1011,AS21126,1.0
2019,12,C1011,AS46000,1.0
2019,12,C1011,AS27134,1.0
2019,12,C1011,AS27132,11.0
2019,12,C1011,AS27000,13.0
2019,12,C1011,AS27139,1.0
2019,12,C1011,AS27137,11.0
2019,12,C1011,AS27138,11.0
2019,12,C1011,AS27133,70.0
2019,12,C1063,AS42018,2.0
2019,12,C1063,AS21126,1.0
2019,12,C1063,AS46000,1.0
2019,12,C1063,AS17005,2.0
2019,12,C1063,AS27134,8.0
2019,12,C1063,AS27132,2.0
2019,12,C1063,AS27000,3.0
2019,12,C1063,AS27139,1.0
2019,12,C1063,AS27137,2.0
2019,12,C1063,AS27138,2.0
2019,12,C1063,AS27133,29.0
2019,10,C1008,AS42018,5.0
2019,10,C1008,AS27134,6.0
2019,10,C1008,AS27000,21.0
2019,10,C1008,AS27137,5.0
2019,10,C1008,AS27138,5.0
2019,10,C1008,AS27133,31.0
2019,11,C1008,AS42018,5.0
2019,11,C1008,AS27134,6.0
2019,11,C1008,AS27000,21.0
2019,11,C1008,AS27137,5.0
2019,11,C1008,AS27138,5.0
2019,11,C1008,AS27133,31.0
2019,12,C1008,AS42018,5.0
2019,12,C1008,AS27134,6.0
2019,12,C1008,AS27000,21.0
2019,12,C1008,AS27137,5.0
2019,12,C1008,AS27138,5.0
2019,12,C1008,AS27133,31.0
2019,10,C1679,AS46000,29.0
2019,10,C1679,AS27000,4.0
2019,10,C1679,AS27139,1.0
2019,10,C1679,AS27138,1.0
2019,10,C1679,AS27133,12.0
2019,10,C1082,AS21126,2.0
2019,10,C1082,AS27134,33.0
2019,10,C1082,AS27132,4.0
2019,10,C1082,AS27000,29.0
2019,10,C1082,AS27137,4.0
2019,10,C1082,AS27138,4.0
2019,10,C1082,AS27133,67.0
2019,11,C1679,AS46000,29.0
2019,11,C1679,AS27000,4.0
2019,11,C1679,AS27139,1.0
2019,11,C1679,AS27138,1.0
2019,11,C1679,AS27133,12.0
2019,11,C1082,AS21126,2.0
2019,11,C1082,AS27134,33.0
2019,11,C1082,AS27132,4.0
2019,11,C1082,AS27000,29.0
2019,11,C1082,AS27137,4.0
2019,11,C1082,AS27138,4.0
2019,11,C1082,AS27133,67.0
2019,12,C1082,AS21126,2.0
2019,12,C1082,AS27134,33.0
2019,12,C1082,AS27132,4.0
2019,12,C1082,AS27000,29.0
2019,12,C1082,AS27137,4.0
2019,12,C1082,AS27138,4.0
2019,12,C1082,AS27133,67.0
2019,12,C1679,AS46000,29.0
2019,12,C1679,AS27000,4.0
2019,12,C1679,AS27139,1.0
2019,12,C1679,AS27138,1.0
2019,12,C1679,AS27133,12.0
2019,10,C1413,AS21126,1.0
2019,10,C1413,AS27134,1.0
2019,10,C1413,AS27132,4.0
2019,10,C1413,AS27000,36.0
2019,10,C1413,AS27138,4.0
2019,10,C1413,AS27133,19.0
2019,10,C1054,AS21126,1.0
2019,10,C1054,AS27134,3.0
2019,10,C1054,AS27132,23.0
2019,10,C1054,AS27000,81.0
2019,10,C1054,AS27137,23.0
2019,10,C1054,AS27138,23.0
2019,10,C1054,AS27133,9.0
2019,10,C1014,AS42018,2.0
2019,10,C1014,AS21126,1.0
2019,10,C1014,AS46000,1.0
2019,10,C1014,AS17005,2.0
2019,10,C1014,AS27134,1.0
2019,10,C1014,AS27132,2.0
2019,10,C1014,AS27000,1.0
2019,10,C1014,AS27139,1.0
2019,10,C1014,AS27137,2.0
2019,10,C1014,AS27138,2.0
2019,10,C1014,AS27133,7.0
2019,10,C1059,AS27134,13.0
2019,10,C1059,AS27132,8.0
2019,10,C1059,AS27000,114.0
2019,10,C1059,AS27137,8.0
2019,10,C1059,AS27138,8.0
2019,10,C1059,AS27133,70.0
2019,10,C1051,AS27134,17.0
2019,10,C1051,AS27132,4.0
2019,10,C1051,AS27000,24.0
2019,10,C1051,AS27137,4.0
2019,10,C1051,AS27138,4.0
2019,10,C1051,AS27133,47.0
2019,10,C1106,AS21126,1.0
2019,10,C1106,AS27134,11.0
2019,10,C1106,AS27132,1.0
2019,10,C1106,AS27000,7.0
2019,10,C1106,AS27138,1.0
2019,10,C1106,AS27133,1.0
2019,10,C1681,AS21126,1.0
2019,10,C1681,AS17005,8.0
2019,10,C1681,AS27134,1.0
2019,10,C1681,AS27132,8.0
2019,10,C1681,AS27000,17.0
2019,10,C1681,AS27137,8.0
2019,10,C1681,AS27138,8.0
2019,10,C1681,AS27133,110.0
2019,10,C1062,AS21126,1.0
2019,10,C1062,AS27134,51.0
2019,10,C1062,AS27132,21.0
2019,10,C1062,AS27000,150.0
2019,10,C1062,AS27139,1.0
2019,10,C1062,AS27137,21.0
2019,10,C1062,AS27138,21.0
2019,10,C1062,AS27133,13.0
2019,10,C1034,AS27134,21.0
2019,10,C1034,AS27132,9.0
2019,10,C1034,AS27000,37.0
2019,10,C1034,AS27138,9.0
2019,10,C1034,AS27133,36.0
2019,11,C1106,AS21126,1.0
2019,11,C1106,AS27134,11.0
2019,11,C1106,AS27132,1.0
2019,11,C1106,AS27000,7.0
2019,11,C1106,AS27138,1.0
2019,11,C1106,AS27133,1.0
2019,11,C1681,AS21126,1.0
2019,11,C1681,AS46000,10.0
2019,11,C1681,AS17005,8.0
2019,11,C1681,AS27134,1.0
2019,11,C1681,AS27132,8.0
2019,11,C1681,AS27000,17.0
2019,11,C1681,AS27137,8.0
2019,11,C1681,AS27138,8.0
2019,11,C1681,AS27133,110.0
2019,11,C1062,AS21126,1.0
2019,11,C1062,AS27134,51.0
2019,11,C1062,AS27132,21.0
2019,11,C1062,AS27000,150.0
2019,11,C1062,AS27139,1.0
2019,11,C1062,AS27137,21.0
2019,11,C1062,AS27138,21.0
2019,11,C1062,AS27133,13.0
2019,11,C1034,AS27134,21.0
2019,11,C1034,AS27132,9.0
2019,11,C1034,AS27000,37.0
2019,11,C1034,AS27138,9.0
2019,11,C1034,AS27133,36.0
2019,11,C1413,AS21126,1.0
2019,11,C1413,AS27134,1.0
2019,11,C1413,AS27132,4.0
2019,11,C1413,AS27000,36.0
2019,11,C1413,AS27138,4.0
2019,11,C1413,AS27133,19.0
2019,11,C1014,AS21126,1.0
2019,11,C1014,AS42018,2.0
2019,11,C1014,AS46000,1.0
2019,11,C1014,AS17005,2.0
2019,11,C1014,AS27134,1.0
2019,11,C1014,AS27132,2.0
2019,11,C1014,AS27000,1.0
2019,11,C1014,AS27139,1.0
2019,11,C1014,AS27137,2.0
2019,11,C1014,AS27138,2.0
2019,11,C1014,AS27133,7.0
2019,11,C1059,AS27134,13.0
2019,11,C1059,AS27132,8.0
2019,11,C1059,AS27000,114.0
2019,11,C1059,AS27137,8.0
2019,11,C1059,AS27138,8.0
2019,11,C1059,AS27133,70.0
2019,11,C1051,AS27134,17.0
2019,11,C1051,AS27132,4.0
2019,11,C1051,AS27000,24.0
2019,11,C1051,AS27137,4.0
2019,11,C1051,AS27138,4.0
2019,11,C1051,AS27133,47.0
2019,11,C1054,AS21126,1.0
2019,11,C1054,AS27134,3.0
2019,11,C1054,AS27132,23.0
2019,11,C1054,AS27000,81.0
2019,11,C1054,AS27137,23.0
2019,11,C1054,AS27138,23.0
2019,11,C1054,AS27133,9.0
2019,12,C1034,AS27134,21.0
2019,12,C1034,AS27132,9.0
2019,12,C1034,AS27000,37.0
2019,12,C1034,AS27138,9.0
2019,12,C1034,AS27133,36.0
2019,12,C1059,AS27134,13.0
2019,12,C1059,AS27132,8.0
2019,12,C1059,AS27000,114.0
2019,12,C1059,AS27137,8.0
2019,12,C1059,AS27138,8.0
2019,12,C1059,AS27133,70.0
2019,12,C1051,AS27134,17.0
2019,12,C1051,AS27132,4.0
2019,12,C1051,AS27000,24.0
2019,12,C1051,AS27137,4.0
2019,12,C1051,AS27138,4.0
2019,12,C1051,AS27133,47.0
2019,12,C1413,AS21126,1.0
2019,12,C1413,AS27134,1.0
2019,12,C1413,AS27132,4.0
2019,12,C1413,AS27000,36.0
2019,12,C1413,AS27138,4.0
2019,12,C1413,AS27133,19.0
2019,12,C1054,AS21126,1.0
2019,12,C1054,AS27134,3.0
2019,12,C1054,AS27132,23.0
2019,12,C1054,AS27000,81.0
2019,12,C1054,AS27137,23.0
2019,12,C1054,AS27138,23.0
2019,12,C1054,AS27133,9.0
2019,12,C1014,AS42018,2.0
2019,12,C1014,AS21126,1.0
2019,12,C1014,AS46000,1.0
2019,12,C1014,AS17005,2.0
2019,12,C1014,AS27134,1.0
2019,12,C1014,AS27132,2.0
2019,12,C1014,AS27000,1.0
2019,12,C1014,AS27139,1.0
2019,12,C1014,AS27137,2.0
2019,12,C1014,AS27138,2.0
2019,12,C1014,AS27133,7.0
2019,12,C1106,AS21126,1.0
2019,12,C1106,AS27134,11.0
2019,12,C1106,AS27132,1.0
2019,12,C1106,AS27000,7.0
2019,12,C1106,AS27138,1.0
2019,12,C1106,AS27133,1.0
2019,12,C1062,AS27134,51.0
2019,12,C1062,AS27132,21.0
2019,12,C1062,AS27000,150.0
2019,12,C1062,AS27139,1.0
2019,12,C1062,AS27137,21.0
2019,12,C1062,AS27138,21.0
2019,12,C1062,AS27133,13.0
2019,12,C1062,AS21126,1.0
2019,12,C1681,AS21126,1.0
2019,12,C1681,AS46000,10.0
2019,12,C1681,AS17005,8.0
2019,12,C1681,AS27134,1.0
2019,12,C1681,AS27132,8.0
2019,12,C1681,AS27000,17.0
2019,12,C1681,AS27137,8.0
2019,12,C1681,AS27138,8.0
2019,12,C1681,AS27133,110.0
2019,10,C4037,AS21126,17.0
2019,10,C4037,AS46000,31.0
2019,10,C4037,AS27134,50.0
2019,10,C4037,AS27132,18.0
2019,10,C4037,AS27000,43.0
2019,10,C4037,AS27137,18.0
2019,10,C4037,AS27138,18.0
2019,10,C4037,AS27133,87.0
2019,11,C4037,AS21126,17.0
2019,11,C4037,AS46000,31.0
2019,11,C4037,AS27134,50.0
2019,11,C4037,AS27132,18.0
2019,11,C4037,AS27000,43.0
2019,11,C4037,AS27137,18.0
2019,11,C4037,AS27138,18.0
2019,11,C4037,AS27133,87.0
2019,12,C4037,AS21126,17.0
2019,12,C4037,AS46000,31.0
2019,12,C4037,AS27134,50.0
2019,12,C4037,AS27132,18.0
2019,12,C4037,AS27000,43.0
2019,12,C4037,AS27137,18.0
2019,12,C4037,AS27138,18.0
2019,12,C4037,AS27133,87.0
2019,10,C1004,AS21126,9.0
2019,10,C1004,AS27134,1.0
2019,10,C1004,AS27132,11.0
2019,10,C1004,AS27000,31.0
2019,10,C1004,AS27137,11.0
2019,10,C1004,AS27138,11.0
2019,10,C1004,AS27133,61.0
2019,11,C1004,AS21126,9.0
2019,11,C1004,AS27134,1.0
2019,11,C1004,AS27132,11.0
2019,11,C1004,AS27000,31.0
2019,11,C1004,AS27137,11.0
2019,11,C1004,AS27138,11.0
2019,11,C1004,AS27133,61.0
2019,12,C1004,AS21126,9.0
2019,12,C1004,AS27134,1.0
2019,12,C1004,AS27132,11.0
2019,12,C1004,AS27000,31.0
2019,12,C1004,AS27137,11.0
2019,12,C1004,AS27138,11.0
2019,12,C1004,AS27133,61.0
2019,10,C4014,AS21126,1.0
2019,10,C4014,AS27132,4.0
2019,10,C4014,AS27000,58.0
2019,10,C4014,AS27137,4.0
2019,11,C4014,AS21126,1.0
2019,11,C4014,AS27132,4.0
2019,11,C4014,AS27000,58.0
2019,11,C4014,AS27137,4.0
2019,12,C4014,AS21126,1.0
2019,12,C4014,AS27132,4.0
2019,12,C4014,AS27000,58.0
2019,12,C4014,AS27137,4.0
2019,10,C4015,AS27134,13.0
2019,10,C4015,AS27132,4.0
2019,10,C4015,AS27000,15.0
2019,10,C4015,AS27137,4.0
2019,10,C4015,AS27138,4.0
2019,10,C4015,AS27133,20.0
2019,10,C4061,AS21126,6.0
2019,10,C4061,AS27134,3.0
2019,10,C4061,AS27132,13.0
2019,10,C4061,AS27000,4.0
2019,10,C4061,AS27137,13.0
2019,10,C4061,AS27138,13.0
2019,10,C4061,AS27133,25.0
2019,10,C4038,AS42018,6.0
2019,10,C4038,AS21126,1.0
2019,10,C4038,AS27134,3.0
2019,10,C4038,AS27132,6.0
2019,10,C4038,AS27000,4.0
2019,10,C4038,AS27139,1.0
2019,10,C4038,AS27137,6.0
2019,10,C4038,AS27138,6.0
2019,10,C4038,AS27133,32.0
2019,11,C4015,AS27134,13.0
2019,11,C4015,AS27132,4.0
2019,11,C4015,AS27000,15.0
2019,11,C4015,AS27137,4.0
2019,11,C4015,AS27138,4.0
2019,11,C4015,AS27133,20.0
2019,11,C4038,AS21126,1.0
2019,11,C4038,AS42018,6.0
2019,11,C4038,AS27134,3.0
2019,11,C4038,AS27132,6.0
2019,11,C4038,AS27000,4.0
2019,11,C4038,AS27139,1.0
2019,11,C4038,AS27137,6.0
2019,11,C4038,AS27138,6.0
2019,11,C4038,AS27133,32.0
2019,11,C4061,AS21126,6.0
2019,11,C4061,AS27134,3.0
2019,11,C4061,AS27132,13.0
2019,11,C4061,AS27000,4.0
2019,11,C4061,AS27137,13.0
2019,11,C4061,AS27138,13.0
2019,11,C4061,AS27133,25.0
2019,12,C4061,AS21126,6.0
2019,12,C4061,AS27134,3.0
2019,12,C4061,AS27132,13.0
2019,12,C4061,AS27000,4.0
2019,12,C4061,AS27137,13.0
2019,12,C4061,AS27138,13.0
2019,12,C4061,AS27133,25.0
2019,12,C4015,AS27134,13.0
2019,12,C4015,AS27132,4.0
2019,12,C4015,AS27000,15.0
2019,12,C4015,AS27137,4.0
2019,12,C4015,AS27138,4.0
2019,12,C4015,AS27133,20.0
2019,12,C4038,AS42018,6.0
2019,12,C4038,AS21126,1.0
2019,12,C4038,AS27134,3.0
2019,12,C4038,AS27132,6.0
2019,12,C4038,AS27000,4.0
2019,12,C4038,AS27139,1.0
2019,12,C4038,AS27137,6.0
2019,12,C4038,AS27138,6.0
2019,12,C4038,AS27133,32.0
2019,10,C1093,AS46000,3.0
2019,10,C1093,AS27000,6.0
2019,10,C1093,AS27139,1.0
2019,10,C1093,AS27133,15.0
2019,10,C1083,AS46000,49.0
2019,10,C1083,AS27000,2.0
2019,10,C1083,AS27138,5.0
2019,10,C1083,AS27133,48.0
2019,11,C1093,AS46000,3.0
2019,11,C1093,AS27000,6.0
2019,11,C1093,AS27139,1.0
2019,11,C1093,AS27133,15.0
2019,11,C1083,AS46000,49.0
2019,11,C1083,AS27000,2.0
2019,11,C1083,AS27138,5.0
2019,11,C1083,AS27133,48.0
2019,12,C1093,AS46000,3.0
2019,12,C1093,AS27000,6.0
2019,12,C1093,AS27139,1.0
2019,12,C1093,AS27133,15.0
2019,12,C1083,AS46000,49.0
2019,12,C1083,AS27000,2.0
2019,12,C1083,AS27137,5.0
2019,12,C1083,AS27138,5.0
2019,12,C1083,AS27133,48.0
2019,10,C1084,AS21126,17.0
2019,10,C1084,AS17005,10.0
2019,10,C1084,AS27134,21.0
2019,10,C1084,AS27132,10.0
2019,10,C1084,AS27000,52.0
2019,10,C1084,AS27137,10.0
2019,10,C1084,AS27138,10.0
2019,10,C1084,AS27133,44.0
2019,11,C1084,AS21126,17.0
2019,11,C1084,AS17005,10.0
2019,11,C1084,AS27134,21.0
2019,11,C1084,AS27132,10.0
2019,11,C1084,AS27000,52.0
2019,11,C1084,AS27137,10.0
2019,11,C1084,AS27138,10.0
2019,11,C1084,AS27133,44.0
2019,12,C1084,AS21126,17.0
2019,12,C1084,AS17005,10.0
2019,12,C1084,AS27134,21.0
2019,12,C1084,AS27132,10.0
2019,12,C1084,AS27000,52.0
2019,12,C1084,AS27137,10.0
2019,12,C1084,AS27138,10.0
2019,12,C1084,AS27133,44.0
2019,10,C5015,AS21126,1.0
2019,10,C5015,AS46000,1.0
2019,10,C5015,AS27000,2.0
2019,10,C5015,AS27137,5.0
2019,10,C5015,AS27138,5.0
2019,10,C5015,AS27133,22.0
2019,11,C5015,AS21126,1.0
2019,11,C5015,AS46000,1.0
2019,11,C5015,AS27000,2.0
2019,11,C5015,AS27137,5.0
2019,11,C5015,AS27138,5.0
2019,11,C5015,AS27133,22.0
2019,12,C5015,AS21126,1.0
2019,12,C5015,AS46000,1.0
2019,12,C5015,AS27000,2.0
2019,12,C5015,AS27137,5.0
2019,12,C5015,AS27138,5.0
2019,12,C5015,AS27133,22.0
2019,10,C2047,AS27000,10.0
2019,10,C2047,AS27139,1.0
2019,10,C2047,AS27137,4.0
2019,10,C2047,AS27138,4.0
2019,10,C2047,AS27133,44.0
2019,11,C2047,AS27000,10.0
2019,11,C2047,AS27139,1.0
2019,11,C2047,AS27137,4.0
2019,11,C2047,AS27138,4.0
2019,11,C2047,AS27133,44.0
2019,12,C2047,AS27000,10.0
2019,12,C2047,AS27139,1.0
2019,12,C2047,AS27137,4.0
2019,12,C2047,AS27138,4.0
2019,12,C2047,AS27133,44.0
2019,10,C4056,AS21126,1.0
2019,10,C4056,AS27134,4.0
2019,10,C4056,AS27132,3.0
2019,10,C4056,AS27000,8.0
2019,10,C4056,AS27139,1.0
2019,10,C4056,AS27137,3.0
2019,10,C4056,AS27138,3.0
2019,10,C4056,AS27133,20.0
2019,11,C4056,AS21126,1.0
2019,11,C4056,AS27134,4.0
2019,11,C4056,AS27132,3.0
2019,11,C4056,AS27000,8.0
2019,11,C4056,AS27139,1.0
2019,11,C4056,AS27137,3.0
2019,11,C4056,AS27138,3.0
2019,11,C4056,AS27133,20.0
2019,12,C4056,AS21126,1.0
2019,12,C4056,AS27134,4.0
2019,12,C4056,AS27132,3.0
2019,12,C4056,AS27000,8.0
2019,12,C4056,AS27139,1.0
2019,12,C4056,AS27137,3.0
2019,12,C4056,AS27138,3.0
2019,12,C4056,AS27133,20.0
2019,10,C5016,AS27134,3.0
2019,10,C5016,AS27000,4.0
2019,10,C5016,AS27137,10.0
2019,10,C5016,AS27138,10.0
2019,10,C5016,AS27133,26.0
2019,11,C5016,AS27134,3.0
2019,11,C5016,AS27000,4.0
2019,11,C5016,AS27137,10.0
2019,11,C5016,AS27138,10.0
2019,11,C5016,AS27133,26.0
2019,12,C5016,AS27134,3.0
2019,12,C5016,AS27000,4.0
2019,12,C5016,AS27137,10.0
2019,12,C5016,AS27138,10.0
2019,12,C5016,AS27133,26.0
2019,10,C5017,AS21126,1.0
2019,10,C5017,AS46000,170.0
2019,10,C5017,AS27132,2.0
2019,10,C5017,AS27000,21.0
2019,10,C5017,AS27137,2.0
2019,10,C5017,AS27138,2.0
2019,10,C5017,AS27133,63.0
2019,11,C5017,AS21126,1.0
2019,11,C5017,AS46000,170.0
2019,11,C5017,AS27132,2.0
2019,11,C5017,AS27000,21.0
2019,11,C5017,AS27137,2.0
2019,11,C5017,AS27138,2.0
2019,11,C5017,AS27133,63.0
2019,12,C5017,AS21126,1.0
2019,12,C5017,AS46000,170.0
2019,12,C5017,AS27132,2.0
2019,12,C5017,AS27000,21.0
2019,12,C5017,AS27137,2.0
2019,12,C5017,AS27138,2.0
2019,12,C5017,AS27133,63.0
2019,10,C2049,AS21126,1.0
2019,10,C2049,AS46000,29.0
2019,10,C2049,AS27134,1.0
2019,10,C2049,AS27132,2.0
2019,10,C2049,AS27000,16.0
2019,10,C2049,AS27139,1.0
2019,10,C2049,AS27137,2.0
2019,10,C2049,AS27138,2.0
2019,10,C2049,AS27133,35.0
2019,11,C2049,AS21126,1.0
2019,11,C2049,AS46000,29.0
2019,11,C2049,AS27134,1.0
2019,11,C2049,AS27132,2.0
2019,11,C2049,AS27000,16.0
2019,11,C2049,AS27139,1.0
2019,11,C2049,AS27137,2.0
2019,11,C2049,AS27138,2.0
2019,11,C2049,AS27133,35.0
2019,12,C2049,AS21126,1.0
2019,12,C2049,AS46000,29.0
2019,12,C2049,AS27134,1.0
2019,12,C2049,AS27132,2.0
2019,12,C2049,AS27000,16.0
2019,12,C2049,AS27139,1.0
2019,12,C2049,AS27137,2.0
2019,12,C2049,AS27138,2.0
2019,12,C2049,AS27133,35.0
2019,10,C4002,AS42018,1.0
2019,10,C4002,AS27134,2.0
2019,10,C4002,AS27132,1.0
2019,10,C4002,AS27000,7.0
2019,10,C4002,AS27137,1.0
2019,10,C4002,AS27138,1.0
2019,10,C4002,AS27133,11.0
2019,11,C4002,AS42018,1.0
2019,11,C4002,AS27134,2.0
2019,11,C4002,AS27132,1.0
2019,11,C4002,AS27000,7.0
2019,11,C4002,AS27137,1.0
2019,11,C4002,AS27138,1.0
2019,11,C4002,AS27133,11.0
2019,12,C4002,AS42018,1.0
2019,12,C4002,AS27134,2.0
2019,12,C4002,AS27132,1.0
2019,12,C4002,AS27000,7.0
2019,12,C4002,AS27137,1.0
2019,12,C4002,AS27138,1.0
2019,12,C4002,AS27133,11.0
2019,10,C4017,AS46000,1.0
2019,10,C4017,AS17005,2.0
2019,10,C4017,AS27134,1.0
2019,10,C4017,AS27132,2.0
2019,10,C4017,AS27000,6.0
2019,10,C4017,AS27139,1.0
2019,10,C4017,AS27137,2.0
2019,10,C4017,AS27138,2.0
2019,10,C4017,AS27133,8.0
2019,10,C4016,AS21126,1.0
2019,10,C4016,AS27134,20.0
2019,10,C4016,AS27000,31.0
2019,10,C4016,AS27138,6.0
2019,10,C4016,AS27133,34.0
2019,10,C4054,AS21126,1.0
2019,10,C4054,AS27133,8.0
2019,11,C4054,AS21126,1.0
2019,11,C4054,AS27133,8.0
2019,11,C4016,AS21126,1.0
2019,11,C4016,AS27134,20.0
2019,11,C4016,AS27000,31.0
2019,11,C4016,AS27138,6.0
2019,11,C4016,AS27133,34.0
2019,11,C4017,AS46000,1.0
2019,11,C4017,AS17005,2.0
2019,11,C4017,AS27134,1.0
2019,11,C4017,AS27132,2.0
2019,11,C4017,AS27000,6.0
2019,11,C4017,AS27139,1.0
2019,11,C4017,AS27137,2.0
2019,11,C4017,AS27138,2.0
2019,11,C4017,AS27133,8.0
2019,12,C4016,AS21126,1.0
2019,12,C4016,AS27134,20.0
2019,12,C4016,AS27000,31.0
2019,12,C4016,AS27138,6.0
2019,12,C4016,AS27133,34.0
2019,12,C4017,AS46000,1.0
2019,12,C4017,AS27134,1.0
2019,12,C4017,AS27132,2.0
2019,12,C4017,AS27000,6.0
2019,12,C4017,AS27139,1.0
2019,12,C4017,AS27137,2.0
2019,12,C4017,AS27138,2.0
2019,12,C4017,AS27133,8.0
2019,12,C4054,AS21126,1.0
2019,12,C4054,AS27133,8.0
2019,10,C2011,AS42018,16.0
2019,10,C2011,AS46000,23.0
2019,10,C2011,AS17005,16.0
2019,10,C2011,AS27134,16.0
2019,10,C2011,AS27000,113.0
2019,10,C2011,AS27139,1.0
2019,10,C2011,AS27137,16.0
2019,10,C2011,AS27138,16.0
2019,10,C2011,AS27133,3.0
2019,10,C2002,AS42018,3.0
2019,10,C2002,AS21126,17.0
2019,10,C2002,AS27132,3.0
2019,10,C2002,AS27000,13.0
2019,10,C2002,AS27137,3.0
2019,10,C2002,AS27138,3.0
2019,10,C2002,AS27133,48.0
2019,11,C2011,AS42018,16.0
2019,11,C2011,AS46000,23.0
2019,11,C2011,AS17005,16.0
2019,11,C2011,AS27134,16.0
2019,11,C2011,AS27000,113.0
2019,11,C2011,AS27139,1.0
2019,11,C2011,AS27137,16.0
2019,11,C2011,AS27138,16.0
2019,11,C2011,AS27133,3.0
2019,11,C2002,AS21126,17.0
2019,11,C2002,AS42018,3.0
2019,11,C2002,AS27132,3.0
2019,11,C2002,AS27000,13.0
2019,11,C2002,AS27137,3.0
2019,11,C2002,AS27138,3.0
2019,11,C2002,AS27133,48.0
2019,12,C2011,AS42018,16.0
2019,12,C2011,AS46000,23.0
2019,12,C2011,AS17005,16.0
2019,12,C2011,AS27134,16.0
2019,12,C2011,AS27000,113.0
2019,12,C2011,AS27139,1.0
2019,12,C2011,AS27137,16.0
2019,12,C2011,AS27138,16.0
2019,12,C2011,AS27133,3.0
2019,12,C2002,AS42018,3.0
2019,12,C2002,AS21126,17.0
2019,12,C2002,AS27132,3.0
2019,12,C2002,AS27000,13.0
2019,12,C2002,AS27137,3.0
2019,12,C2002,AS27138,3.0
2019,12,C2002,AS27133,48.0
2019,10,C2010,AS21126,1.0
2019,10,C2010,AS42018,9.0
2019,10,C2010,AS46000,47.0
2019,10,C2010,AS17005,9.0
2019,10,C2010,AS27134,8.0
2019,10,C2010,AS27132,9.0
2019,10,C2010,AS27000,26.0
2019,10,C2010,AS27139,1.0
2019,10,C2010,AS27137,9.0
2019,10,C2010,AS27138,9.0
2019,10,C2010,AS27133,55.0
2019,11,C2010,AS21126,1.0
2019,11,C2010,AS42018,9.0
2019,11,C2010,AS46000,47.0
2019,11,C2010,AS17005,9.0
2019,11,C2010,AS27134,8.0
2019,11,C2010,AS27132,9.0
2019,11,C2010,AS27000,26.0
2019,11,C2010,AS27139,1.0
2019,11,C2010,AS27137,9.0
2019,11,C2010,AS27138,9.0
2019,11,C2010,AS27133,55.0
2019,12,C2010,AS21126,1.0
2019,12,C2010,AS42018,9.0
2019,12,C2010,AS46000,47.0
2019,12,C2010,AS17005,9.0
2019,12,C2010,AS27134,8.0
2019,12,C2010,AS27132,9.0
2019,12,C2010,AS27000,26.0
2019,12,C2010,AS27139,1.0
2019,12,C2010,AS27137,9.0
2019,12,C2010,AS27138,9.0
2019,12,C2010,AS27133,55.0
2019,10,C4018,AS21126,1.0
2019,10,C4018,AS27134,8.0
2019,10,C4018,AS27132,3.0
2019,10,C4018,AS27000,12.0
2019,10,C4018,AS27139,1.0
2019,10,C4018,AS27138,3.0
2019,10,C4018,AS27133,43.0
2019,11,C4018,AS21126,1.0
2019,11,C4018,AS27134,8.0
2019,11,C4018,AS27132,3.0
2019,11,C4018,AS27000,12.0
2019,11,C4018,AS27139,1.0
2019,11,C4018,AS27138,3.0
2019,11,C4018,AS27133,43.0
2019,12,C4018,AS21126,1.0
2019,12,C4018,AS27134,8.0
2019,12,C4018,AS27132,3.0
2019,12,C4018,AS27000,12.0
2019,12,C4018,AS27139,1.0
2019,12,C4018,AS27138,3.0
2019,12,C4018,AS27133,43.0
2019,10,C3010,AS42018,5.0
2019,10,C3010,AS27134,8.0
2019,10,C3010,AS27132,5.0
2019,10,C3010,AS27000,2.0
2019,10,C3010,AS27137,5.0
2019,10,C3010,AS27138,5.0
2019,10,C3010,AS27133,41.0
2019,10,C3014,AS27134,1.0
2019,10,C3014,AS27000,3.0
2019,10,C3014,AS27137,5.0
2019,10,C3014,AS27138,5.0
2019,10,C3014,AS27133,24.0
2019,10,C3015,AS21126,1.0
2019,10,C3015,AS27134,10.0
2019,10,C3015,AS27132,2.0
2019,10,C3015,AS27000,3.0
2019,10,C3015,AS27137,2.0
2019,10,C3015,AS27138,2.0
2019,10,C3015,AS27133,30.0
2019,11,C3015,AS21126,1.0
2019,11,C3015,AS27134,10.0
2019,11,C3015,AS27132,2.0
2019,11,C3015,AS27000,3.0
2019,11,C3015,AS27137,2.0
2019,11,C3015,AS27138,2.0
2019,11,C3015,AS27133,30.0
2019,11,C3014,AS27134,1.0
2019,11,C3014,AS27000,3.0
2019,11,C3014,AS27137,5.0
2019,11,C3014,AS27138,5.0
2019,11,C3014,AS27133,24.0
2019,11,C3010,AS42018,5.0
2019,11,C3010,AS27134,8.0
2019,11,C3010,AS27132,5.0
2019,11,C3010,AS27000,2.0
2019,11,C3010,AS27137,5.0
2019,11,C3010,AS27138,5.0
2019,11,C3010,AS27133,41.0
2019,12,C3010,AS42018,5.0
2019,12,C3010,AS27134,8.0
2019,12,C3010,AS27132,5.0
2019,12,C3010,AS27000,2.0
2019,12,C3010,AS27137,5.0
2019,12,C3010,AS27138,5.0
2019,12,C3010,AS27133,41.0
2019,12,C3014,AS27134,1.0
2019,12,C3014,AS27000,3.0
2019,12,C3014,AS27137,5.0
2019,12,C3014,AS27138,5.0
2019,12,C3014,AS27133,24.0
2019,12,C3015,AS21126,1.0
2019,12,C3015,AS27134,10.0
2019,12,C3015,AS27132,2.0
2019,12,C3015,AS27000,3.0
2019,12,C3015,AS27137,2.0
2019,12,C3015,AS27138,2.0
2019,12,C3015,AS27133,30.0
2019,10,C1399,AS27134,3.0
2019,10,C1399,AS27132,1.0
2019,10,C1399,AS27000,1.0
2019,10,C1399,AS27137,1.0
2019,10,C1399,AS27138,1.0
2019,10,C1399,AS27133,13.0
2019,10,C1056,AS21126,1.0
2019,10,C1056,AS46000,1.0
2019,10,C1056,AS27134,1.0
2019,10,C1056,AS27132,2.0
2019,10,C1056,AS27000,5.0
2019,10,C1056,AS27137,2.0
2019,10,C1056,AS27138,2.0
2019,10,C1056,AS27133,238.0
2019,10,C1055,AS42018,1.0
2019,10,C1055,AS21126,1.0
2019,10,C1055,AS46000,1.0
2019,10,C1055,AS17005,1.0
2019,10,C1055,AS27134,16.0
2019,10,C1055,AS27132,1.0
2019,10,C1055,AS27000,8.0
2019,10,C1055,AS27139,1.0
2019,10,C1055,AS27137,1.0
2019,10,C1055,AS27138,1.0
2019,10,C1055,AS27133,13.0
2019,10,C1144,AS46000,2.0
2019,10,C1144,AS27134,4.0
2019,10,C1144,AS27132,3.0
2019,10,C1144,AS27000,13.0
2019,10,C1144,AS27138,3.0
2019,10,C1144,AS27133,49.0
2019,10,C1086,AS27134,56.0
2019,10,C1086,AS27132,24.0
2019,10,C1086,AS27000,165.0
2019,10,C1086,AS27137,24.0
2019,10,C1086,AS27138,24.0
2019,10,C1086,AS27133,46.0
2019,10,C1029,AS46000,1.0
2019,10,C1029,AS27134,44.0
2019,10,C1029,AS27132,5.0
2019,10,C1029,AS27000,28.0
2019,10,C1029,AS27139,1.0
2019,10,C1029,AS27137,5.0
2019,10,C1029,AS27138,5.0
2019,10,C1029,AS27133,80.0
2019,10,C1745,AS46000,72.0
2019,10,C1745,AS27134,13.0
2019,10,C1745,AS27132,2.0
2019,10,C1745,AS27000,1.0
2019,10,C1745,AS27137,2.0
2019,10,C1745,AS27138,2.0
2019,10,C1745,AS27133,7.0
2019,10,C1018,AS42018,13.0
2019,10,C1018,AS21126,1.0
2019,10,C1018,AS46000,12.0
2019,10,C1018,AS17005,13.0
2019,10,C1018,AS27134,45.0
2019,10,C1018,AS27132,13.0
2019,10,C1018,AS27000,59.0
2019,10,C1018,AS27139,1.0
2019,10,C1018,AS27137,13.0
2019,10,C1018,AS27138,13.0
2019,10,C1018,AS27133,123.0
2019,11,C1399,AS27134,3.0
2019,11,C1399,AS27132,1.0
2019,11,C1399,AS27000,1.0
2019,11,C1399,AS27137,1.0
2019,11,C1399,AS27138,1.0
2019,11,C1399,AS27133,13.0
2019,11,C1029,AS46000,1.0
2019,11,C1029,AS27134,44.0
2019,11,C1029,AS27132,5.0
2019,11,C1029,AS27000,28.0
2019,11,C1029,AS27139,1.0
2019,11,C1029,AS27137,5.0
2019,11,C1029,AS27138,5.0
2019,11,C1029,AS27133,80.0
2019,11,C1018,AS21126,1.0
2019,11,C1018,AS42018,13.0
2019,11,C1018,AS46000,12.0
2019,11,C1018,AS17005,13.0
2019,11,C1018,AS27134,45.0
2019,11,C1018,AS27132,13.0
2019,11,C1018,AS27000,59.0
2019,11,C1018,AS27139,1.0
2019,11,C1018,AS27137,13.0
2019,11,C1018,AS27138,13.0
2019,11,C1018,AS27133,123.0
2019,11,C1055,AS42018,1.0
2019,11,C1055,AS21126,1.0
2019,11,C1055,AS46000,1.0
2019,11,C1055,AS17005,1.0
2019,11,C1055,AS27134,16.0
2019,11,C1055,AS27132,1.0
2019,11,C1055,AS27000,8.0
2019,11,C1055,AS27139,1.0
2019,11,C1055,AS27137,1.0
2019,11,C1055,AS27138,1.0
2019,11,C1055,AS27133,13.0
2019,11,C1144,AS46000,2.0
2019,11,C1144,AS27134,4.0
2019,11,C1144,AS27132,3.0
2019,11,C1144,AS27000,13.0
2019,11,C1144,AS27138,3.0
2019,11,C1144,AS27133,49.0
2019,11,C1086,AS27134,56.0
2019,11,C1086,AS27132,24.0
2019,11,C1086,AS27000,165.0
2019,11,C1086,AS27137,24.0
2019,11,C1086,AS27138,24.0
2019,11,C1086,AS27133,46.0
2019,11,C1745,AS46000,72.0
2019,11,C1745,AS27134,13.0
2019,11,C1745,AS27132,2.0
2019,11,C1745,AS27000,1.0
2019,11,C1745,AS27137,2.0
2019,11,C1745,AS27138,2.0
2019,11,C1745,AS27133,7.0
2019,11,C1056,AS21126,1.0
2019,11,C1056,AS46000,1.0
2019,11,C1056,AS27134,1.0
2019,11,C1056,AS27132,2.0
2019,11,C1056,AS27000,5.0
2019,11,C1056,AS27137,2.0
2019,11,C1056,AS27138,2.0
2019,11,C1056,AS27133,238.0
2019,12,C1399,AS27134,3.0
2019,12,C1399,AS27132,1.0
2019,12,C1399,AS27000,1.0
2019,12,C1399,AS27137,1.0
2019,12,C1399,AS27138,1.0
2019,12,C1399,AS27133,13.0
2019,12,C1055,AS21126,1.0
2019,12,C1055,AS42018,1.0
2019,12,C1055,AS46000,1.0
2019,12,C1055,AS17005,1.0
2019,12,C1055,AS27134,16.0
2019,12,C1055,AS27132,1.0
2019,12,C1055,AS27000,8.0
2019,12,C1055,AS27139,1.0
2019,12,C1055,AS27137,1.0
2019,12,C1055,AS27138,1.0
2019,12,C1055,AS27133,13.0
2019,12,C1056,AS21126,1.0
2019,12,C1056,AS46000,1.0
2019,12,C1056,AS27134,1.0
2019,12,C1056,AS27132,2.0
2019,12,C1056,AS27000,5.0
2019,12,C1056,AS27137,2.0
2019,12,C1056,AS27138,2.0
2019,12,C1056,AS27133,238.0
2019,12,C1144,AS46000,2.0
2019,12,C1144,AS27134,4.0
2019,12,C1144,AS27132,3.0
2019,12,C1144,AS27000,13.0
2019,12,C1144,AS27138,3.0
2019,12,C1144,AS27133,49.0
2019,12,C1086,AS27134,56.0
2019,12,C1086,AS27132,24.0
2019,12,C1086,AS27000,165.0
2019,12,C1086,AS27137,24.0
2019,12,C1086,AS27138,24.0
2019,12,C1086,AS27133,46.0
2019,12,C1029,AS46000,1.0
2019,12,C1029,AS27134,44.0
2019,12,C1029,AS27132,5.0
2019,12,C1029,AS27000,28.0
2019,12,C1029,AS27139,1.0
2019,12,C1029,AS27137,5.0
2019,12,C1029,AS27138,5.0
2019,12,C1029,AS27133,80.0
2019,12,C1018,AS42018,13.0
2019,12,C1018,AS21126,1.0
2019,12,C1018,AS46000,12.0
2019,12,C1018,AS17005,13.0
2019,12,C1018,AS27134,45.0
2019,12,C1018,AS27132,13.0
2019,12,C1018,AS27000,59.0
2019,12,C1018,AS27139,1.0
2019,12,C1018,AS27137,13.0
2019,12,C1018,AS27138,13.0
2019,12,C1018,AS27133,123.0
2019,12,C1745,AS46000,72.0
2019,12,C1745,AS27134,13.0
2019,12,C1745,AS27132,2.0
2019,12,C1745,AS27000,1.0
2019,12,C1745,AS27137,2.0
2019,12,C1745,AS27138,2.0
2019,12,C1745,AS27133,7.0
2019,10,C3011,AS27000,28.0
2019,10,C3011,AS27137,5.0
2019,10,C3011,AS27138,5.0
2019,10,C3011,AS27133,48.0
2019,11,C3011,AS27000,28.0
2019,11,C3011,AS27137,5.0
2019,11,C3011,AS27138,5.0
2019,11,C3011,AS27133,48.0
2019,12,C3011,AS27000,28.0
2019,12,C3011,AS27137,5.0
2019,12,C3011,AS27138,5.0
2019,12,C3011,AS27133,48.0
2019,10,C1088,AS21126,18.0
2019,10,C1088,AS27134,77.0
2019,10,C1088,AS27132,16.0
2019,10,C1088,AS27000,20.0
2019,10,C1088,AS27137,16.0
2019,10,C1088,AS27138,16.0
2019,10,C1088,AS27133,201.0
2019,11,C1088,AS21126,18.0
2019,11,C1088,AS27134,77.0
2019,11,C1088,AS27132,16.0
2019,11,C1088,AS27000,20.0
2019,11,C1088,AS27137,16.0
2019,11,C1088,AS27138,16.0
2019,11,C1088,AS27133,201.0
2019,12,C1088,AS21126,18.0
2019,12,C1088,AS27134,77.0
2019,12,C1088,AS27132,16.0
2019,12,C1088,AS27000,20.0
2019,12,C1088,AS27137,16.0
2019,12,C1088,AS27138,16.0
2019,12,C1088,AS27133,201.0
2019,10,C2003,AS27132,6.0
2019,10,C2003,AS27000,6.0
2019,10,C2003,AS27137,6.0
2019,10,C2003,AS27138,6.0
2019,10,C2003,AS27133,16.0
2019,10,C5060,AS21126,1.0
2019,10,C5060,AS27000,5.0
2019,10,C5060,AS27137,6.0
2019,10,C5060,AS27138,6.0
2019,10,C5060,AS27133,45.0
2019,11,C2003,AS27132,6.0
2019,11,C2003,AS27000,6.0
2019,11,C2003,AS27137,6.0
2019,11,C2003,AS27138,6.0
2019,11,C2003,AS27133,16.0
2019,11,C5060,AS21126,1.0
2019,11,C5060,AS27000,5.0
2019,11,C5060,AS27137,6.0
2019,11,C5060,AS27138,6.0
2019,11,C5060,AS27133,45.0
2019,12,C2003,AS27132,6.0
2019,12,C2003,AS27000,6.0
2019,12,C2003,AS27137,6.0
2019,12,C2003,AS27138,6.0
2019,12,C2003,AS27133,16.0
2019,12,C5060,AS21126,1.0
2019,12,C5060,AS27000,5.0
2019,12,C5060,AS27137,6.0
2019,12,C5060,AS27138,6.0
2019,12,C5060,AS27133,45.0
2019,10,C5018,AS46000,1.0
2019,10,C5018,AS27132,7.0
2019,10,C5018,AS27000,18.0
2019,10,C5018,AS27137,7.0
2019,10,C5018,AS27138,7.0
2019,10,C5018,AS27133,40.0
2019,11,C5018,AS46000,1.0
2019,11,C5018,AS27132,7.0
2019,11,C5018,AS27000,18.0
2019,11,C5018,AS27137,7.0
2019,11,C5018,AS27138,7.0
2019,11,C5018,AS27133,40.0
2019,12,C5018,AS46000,1.0
2019,12,C5018,AS27132,7.0
2019,12,C5018,AS27000,18.0
2019,12,C5018,AS27137,7.0
2019,12,C5018,AS27138,7.0
2019,12,C5018,AS27133,40.0
2019,10,C4019,AS27134,4.0
2019,10,C4019,AS27132,8.0
2019,10,C4019,AS27000,91.0
2019,10,C4019,AS27137,8.0
2019,10,C4019,AS27138,8.0
2019,10,C4019,AS27133,24.0
2019,10,C4024,AS21126,1.0
2019,10,C4024,AS27132,2.0
2019,10,C4024,AS27000,5.0
2019,10,C4024,AS27137,2.0
2019,10,C4024,AS27138,2.0
2019,10,C4024,AS27133,15.0
2019,11,C4024,AS27132,2.0
2019,11,C4024,AS27000,5.0
2019,11,C4024,AS27137,2.0
2019,11,C4024,AS27138,2.0
2019,11,C4024,AS27133,15.0
2019,11,C4019,AS27134,4.0
2019,11,C4019,AS27132,8.0
2019,11,C4019,AS27000,91.0
2019,11,C4019,AS27137,8.0
2019,11,C4019,AS27138,8.0
2019,11,C4019,AS27133,24.0
2019,12,C4024,AS27132,2.0
2019,12,C4024,AS27000,5.0
2019,12,C4024,AS27137,2.0
2019,12,C4024,AS27138,2.0
2019,12,C4024,AS27133,15.0
2019,12,C4019,AS27134,4.0
2019,12,C4019,AS27132,8.0
2019,12,C4019,AS27000,91.0
2019,12,C4019,AS27137,8.0
2019,12,C4019,AS27138,8.0
2019,12,C4019,AS27133,24.0
2019,10,C2051,AS21126,1.0
2019,10,C2051,AS46000,1.0
2019,10,C2051,AS17005,1.0
2019,10,C2051,AS27134,2.0
2019,10,C2051,AS27132,1.0
2019,10,C2051,AS27000,26.0
2019,10,C2051,AS27139,1.0
2019,10,C2051,AS27137,1.0
2019,10,C2051,AS27138,1.0
2019,10,C2051,AS27133,26.0
2019,11,C2051,AS21126,1.0
2019,11,C2051,AS46000,1.0
2019,11,C2051,AS17005,1.0
2019,11,C2051,AS27134,2.0
2019,11,C2051,AS27132,1.0
2019,11,C2051,AS27000,26.0
2019,11,C2051,AS27139,1.0
2019,11,C2051,AS27137,1.0
2019,11,C2051,AS27138,1.0
2019,11,C2051,AS27133,26.0
2019,12,C2051,AS21126,1.0
2019,12,C2051,AS46000,1.0
2019,12,C2051,AS17005,1.0
2019,12,C2051,AS27134,2.0
2019,12,C2051,AS27132,1.0
2019,12,C2051,AS27000,26.0
2019,12,C2051,AS27139,1.0
2019,12,C2051,AS27137,1.0
2019,12,C2051,AS27138,1.0
2019,12,C2051,AS27133,26.0
2019,10,C2004,AS27134,4.0
2019,10,C2004,AS27132,8.0
2019,10,C2004,AS27000,75.0
2019,10,C2004,AS27139,1.0
2019,10,C2004,AS27137,8.0
2019,10,C2004,AS27138,8.0
2019,10,C2004,AS27133,111.0
2019,11,C2004,AS27134,4.0
2019,11,C2004,AS27132,8.0
2019,11,C2004,AS27000,75.0
2019,11,C2004,AS27139,1.0
2019,11,C2004,AS27137,8.0
2019,11,C2004,AS27138,8.0
2019,11,C2004,AS27133,111.0
2019,12,C2004,AS27134,4.0
2019,12,C2004,AS27132,8.0
2019,12,C2004,AS27000,75.0
2019,12,C2004,AS27139,1.0
2019,12,C2004,AS27137,8.0
2019,12,C2004,AS27138,8.0
2019,12,C2004,AS27133,111.0
2019,10,C2016,AS27134,10.0
2019,10,C2016,AS27000,21.0
2019,10,C2016,AS27133,43.0
2019,10,C2005,AS27134,34.0
2019,10,C2005,AS27000,85.0
2019,10,C2005,AS27137,19.0
2019,10,C2005,AS27133,216.0
2019,11,C2016,AS27134,10.0
2019,11,C2016,AS27000,21.0
2019,11,C2016,AS27133,43.0
2019,11,C2005,AS27134,34.0
2019,11,C2005,AS27000,85.0
2019,11,C2005,AS27137,19.0
2019,11,C2005,AS27133,216.0
2019,12,C2005,AS27134,34.0
2019,12,C2005,AS27000,85.0
2019,12,C2005,AS27137,19.0
2019,12,C2005,AS27133,216.0
2019,12,C2016,AS27134,10.0
2019,12,C2016,AS27000,21.0
2019,12,C2016,AS27133,43.0
2019,10,C5019,AS27132,16.0
2019,10,C5019,AS27000,29.0
2019,10,C5019,AS27137,16.0
2019,10,C5019,AS27138,16.0
2019,10,C5019,AS27133,42.0
2019,11,C5019,AS27132,16.0
2019,11,C5019,AS27000,29.0
2019,11,C5019,AS27137,16.0
2019,11,C5019,AS27138,16.0
2019,11,C5019,AS27133,42.0
2019,12,C5019,AS27132,16.0
2019,12,C5019,AS27000,29.0
2019,12,C5019,AS27137,16.0
2019,12,C5019,AS27138,16.0
2019,12,C5019,AS27133,42.0
2019,10,C3012,AS21126,1.0
2019,10,C3012,AS27134,3.0
2019,10,C3012,AS27132,10.0
2019,10,C3012,AS27000,13.0
2019,10,C3012,AS27139,1.0
2019,10,C3012,AS27137,10.0
2019,10,C3012,AS27138,10.0
2019,10,C3012,AS27133,48.0
2019,11,C3012,AS21126,1.0
2019,11,C3012,AS27134,3.0
2019,11,C3012,AS27132,10.0
2019,11,C3012,AS27000,13.0
2019,11,C3012,AS27139,1.0
2019,11,C3012,AS27137,10.0
2019,11,C3012,AS27138,10.0
2019,11,C3012,AS27133,48.0
2019,12,C3012,AS21126,1.0
2019,12,C3012,AS27134,3.0
2019,12,C3012,AS27132,10.0
2019,12,C3012,AS27000,13.0
2019,12,C3012,AS27139,1.0
2019,12,C3012,AS27137,10.0
2019,12,C3012,AS27138,10.0
2019,12,C3012,AS27133,48.0
2019,10,C1089,AS27134,21.0
2019,10,C1089,AS27132,3.0
2019,10,C1089,AS27000,8.0
2019,10,C1089,AS27139,1.0
2019,10,C1089,AS27138,3.0
2019,10,C1089,AS27133,14.0
2019,11,C1089,AS27134,21.0
2019,11,C1089,AS27132,3.0
2019,11,C1089,AS27000,8.0
2019,11,C1089,AS27139,1.0
2019,11,C1089,AS27138,3.0
2019,11,C1089,AS27133,14.0
2019,12,C1089,AS27134,21.0
2019,12,C1089,AS27132,3.0
2019,12,C1089,AS27000,8.0
2019,12,C1089,AS27139,1.0
2019,12,C1089,AS27138,3.0
2019,12,C1089,AS27133,14.0
2019,10,C2194,AS27132,6.0
2019,10,C2194,AS27000,14.0
2019,10,C2194,AS27137,6.0
2019,10,C2194,AS27138,6.0
2019,10,C2194,AS27133,9.0
2019,10,C2053,AS27134,4.0
2019,10,C2053,AS27132,5.0
2019,10,C2053,AS27000,17.0
2019,10,C2053,AS27137,5.0
2019,10,C2053,AS27138,5.0
2019,10,C2053,AS27133,29.0
2019,10,C2006,AS21126,1.0
2019,10,C2006,AS46000,28.0
2019,10,C2006,AS27134,51.0
2019,10,C2006,AS27132,11.0
2019,10,C2006,AS27000,94.0
2019,10,C2006,AS27139,1.0
2019,10,C2006,AS27137,11.0
2019,10,C2006,AS27138,11.0
2019,10,C2006,AS27133,118.0
2019,10,C2017,AS21126,1.0
2019,10,C2017,AS46000,1.0
2019,10,C2017,AS17005,3.0
2019,10,C2017,AS27132,3.0
2019,10,C2017,AS27000,2.0
2019,10,C2017,AS27137,3.0
2019,10,C2017,AS27138,3.0
2019,10,C2017,AS27133,20.0
2019,11,C2006,AS21126,1.0
2019,11,C2006,AS46000,28.0
2019,11,C2006,AS27134,51.0
2019,11,C2006,AS27132,11.0
2019,11,C2006,AS27000,94.0
2019,11,C2006,AS27139,1.0
2019,11,C2006,AS27137,11.0
2019,11,C2006,AS27138,11.0
2019,11,C2006,AS27133,118.0
2019,11,C2194,AS27132,6.0
2019,11,C2194,AS27000,14.0
2019,11,C2194,AS27137,6.0
2019,11,C2194,AS27138,6.0
2019,11,C2194,AS27133,9.0
2019,11,C2053,AS27134,4.0
2019,11,C2053,AS27132,5.0
2019,11,C2053,AS27000,17.0
2019,11,C2053,AS27137,5.0
2019,11,C2053,AS27138,5.0
2019,11,C2053,AS27133,29.0
2019,11,C2017,AS21126,1.0
2019,11,C2017,AS46000,1.0
2019,11,C2017,AS17005,3.0
2019,11,C2017,AS27132,3.0
2019,11,C2017,AS27000,2.0
2019,11,C2017,AS27137,3.0
2019,11,C2017,AS27138,3.0
2019,11,C2017,AS27133,20.0
2019,12,C2017,AS21126,1.0
2019,12,C2017,AS46000,1.0
2019,12,C2017,AS17005,3.0
2019,12,C2017,AS27132,3.0
2019,12,C2017,AS27000,2.0
2019,12,C2017,AS27137,3.0
2019,12,C2017,AS27138,3.0
2019,12,C2017,AS27133,20.0
2019,12,C2053,AS27134,4.0
2019,12,C2053,AS27132,5.0
2019,12,C2053,AS27000,17.0
2019,12,C2053,AS27137,5.0
2019,12,C2053,AS27138,5.0
2019,12,C2053,AS27133,29.0
2019,12,C2006,AS21126,1.0
2019,12,C2006,AS46000,28.0
2019,12,C2006,AS27134,51.0
2019,12,C2006,AS27132,11.0
2019,12,C2006,AS27000,94.0
2019,12,C2006,AS27139,1.0
2019,12,C2006,AS27137,11.0
2019,12,C2006,AS27138,11.0
2019,12,C2006,AS27133,118.0
2019,12,C2194,AS27132,6.0
2019,12,C2194,AS27000,14.0
2019,12,C2194,AS27137,6.0
2019,12,C2194,AS27138,6.0
2019,12,C2194,AS27133,9.0
2019,10,C1090,AS21126,120.0
2019,10,C1090,AS46000,92.0
2019,10,C1090,AS27134,22.0
2019,10,C1090,AS27132,8.0
2019,10,C1090,AS27000,59.0
2019,10,C1090,AS27139,1.0
2019,10,C1090,AS27137,8.0
2019,10,C1090,AS27138,8.0
2019,10,C1090,AS27133,91.0
2019,10,C1087,AS21126,1.0
2019,10,C1087,AS42018,12.0
2019,10,C1087,AS46000,1.0
2019,10,C1087,AS17005,12.0
2019,10,C1087,AS27134,29.0
2019,10,C1087,AS27132,12.0
2019,10,C1087,AS27000,84.0
2019,10,C1087,AS27139,1.0
2019,10,C1087,AS27137,12.0
2019,10,C1087,AS27138,12.0
2019,10,C1087,AS27133,150.0
2019,11,C1087,AS21126,1.0
2019,11,C1087,AS42018,12.0
2019,11,C1087,AS46000,1.0
2019,11,C1087,AS17005,12.0
2019,11,C1087,AS27134,29.0
2019,11,C1087,AS27132,12.0
2019,11,C1087,AS27000,84.0
2019,11,C1087,AS27139,1.0
2019,11,C1087,AS27137,12.0
2019,11,C1087,AS27138,12.0
2019,11,C1087,AS27133,150.0
2019,11,C1090,AS21126,120.0
2019,11,C1090,AS46000,92.0
2019,11,C1090,AS27134,22.0
2019,11,C1090,AS27132,8.0
2019,11,C1090,AS27000,59.0
2019,11,C1090,AS27139,1.0
2019,11,C1090,AS27137,8.0
2019,11,C1090,AS27138,8.0
2019,11,C1090,AS27133,91.0
2019,12,C1090,AS21126,120.0
2019,12,C1090,AS46000,92.0
2019,12,C1090,AS27134,22.0
2019,12,C1090,AS27132,8.0
2019,12,C1090,AS27000,59.0
2019,12,C1090,AS27139,1.0
2019,12,C1090,AS27137,8.0
2019,12,C1090,AS27138,8.0
2019,12,C1090,AS27133,91.0
2019,12,C1087,AS42018,12.0
2019,12,C1087,AS21126,1.0
2019,12,C1087,AS46000,1.0
2019,12,C1087,AS17005,12.0
2019,12,C1087,AS27134,29.0
2019,12,C1087,AS27132,12.0
2019,12,C1087,AS27000,84.0
2019,12,C1087,AS27139,1.0
2019,12,C1087,AS27137,12.0
2019,12,C1087,AS27138,12.0
2019,12,C1087,AS27133,150.0
2019,10,C1091,AS21126,1.0
2019,10,C1091,AS27000,12.0
2019,10,C1091,AS27137,5.0
2019,10,C1091,AS27138,5.0
2019,10,C1091,AS27133,15.0
2019,11,C1091,AS21126,1.0
2019,11,C1091,AS27000,12.0
2019,11,C1091,AS27137,5.0
2019,11,C1091,AS27138,5.0
2019,11,C1091,AS27133,15.0
2019,12,C1091,AS21126,1.0
2019,12,C1091,AS27000,12.0
2019,12,C1091,AS27137,5.0
2019,12,C1091,AS27138,5.0
2019,12,C1091,AS27133,15.0
2019,10,C2131,AS27000,10.0
2019,10,C2131,AS27139,1.0
2019,10,C2131,AS27137,4.0
2019,10,C2131,AS27138,4.0
2019,10,C2131,AS27133,15.0
2019,11,C2131,AS27000,10.0
2019,11,C2131,AS27139,1.0
2019,11,C2131,AS27137,4.0
2019,11,C2131,AS27138,4.0
2019,11,C2131,AS27133,15.0
2019,12,C2131,AS27000,10.0
2019,12,C2131,AS27139,1.0
2019,12,C2131,AS27137,4.0
2019,12,C2131,AS27138,4.0
2019,12,C2131,AS27133,15.0
2019,10,C5002,AS46000,37.0
2019,10,C5002,AS27132,26.0
2019,10,C5002,AS27000,5.0
2019,10,C5002,AS27137,26.0
2019,10,C5002,AS27138,26.0
2019,10,C5002,AS27133,25.0
2019,11,C5002,AS46000,37.0
2019,11,C5002,AS27132,26.0
2019,11,C5002,AS27000,5.0
2019,11,C5002,AS27137,26.0
2019,11,C5002,AS27138,26.0
2019,11,C5002,AS27133,25.0
2019,12,C5002,AS46000,37.0
2019,12,C5002,AS27132,26.0
2019,12,C5002,AS27000,5.0
2019,12,C5002,AS27137,26.0
2019,12,C5002,AS27138,26.0
2019,12,C5002,AS27133,25.0
2019,10,C2061,AS27132,8.0
2019,10,C2061,AS27000,13.0
2019,10,C2061,AS27138,8.0
2019,10,C2061,AS27133,20.0
2019,10,C2056,AS46000,1.0
2019,10,C2056,AS17005,26.0
2019,10,C2056,AS27134,16.0
2019,10,C2056,AS27132,26.0
2019,10,C2056,AS27000,80.0
2019,10,C2056,AS27137,26.0
2019,10,C2056,AS27138,26.0
2019,10,C2056,AS27133,50.0
2019,11,C2056,AS46000,1.0
2019,11,C2056,AS17005,26.0
2019,11,C2056,AS27134,16.0
2019,11,C2056,AS27132,26.0
2019,11,C2056,AS27000,80.0
2019,11,C2056,AS27139,1.0
2019,11,C2056,AS27137,26.0
2019,11,C2056,AS27138,26.0
2019,11,C2056,AS27133,50.0
2019,11,C2061,AS27132,8.0
2019,11,C2061,AS27000,13.0
2019,11,C2061,AS27138,8.0
2019,11,C2061,AS27133,20.0
2019,12,C2061,AS27132,8.0
2019,12,C2061,AS27000,13.0
2019,12,C2061,AS27138,8.0
2019,12,C2061,AS27133,20.0
2019,12,C2056,AS46000,1.0
2019,12,C2056,AS17005,26.0
2019,12,C2056,AS27134,16.0
2019,12,C2056,AS27132,26.0
2019,12,C2056,AS27000,80.0
2019,12,C2056,AS27139,1.0
2019,12,C2056,AS27137,26.0
2019,12,C2056,AS27138,26.0
2019,12,C2056,AS27133,50.0
2019,10,C1092,AS21126,1.0
2019,10,C1092,AS46000,28.0
2019,10,C1092,AS27134,26.0
2019,10,C1092,AS27132,5.0
2019,10,C1092,AS27000,13.0
2019,10,C1092,AS27139,1.0
2019,10,C1092,AS27137,5.0
2019,10,C1092,AS27133,94.0
2019,11,C1092,AS21126,1.0
2019,11,C1092,AS46000,28.0
2019,11,C1092,AS27134,26.0
2019,11,C1092,AS27132,5.0
2019,11,C1092,AS27000,13.0
2019,11,C1092,AS27139,1.0
2019,11,C1092,AS27137,5.0
2019,11,C1092,AS27133,94.0
2019,12,C1092,AS21126,1.0
2019,12,C1092,AS46000,28.0
2019,12,C1092,AS27134,26.0
2019,12,C1092,AS27132,5.0
2019,12,C1092,AS27000,13.0
2019,12,C1092,AS27139,1.0
2019,12,C1092,AS27137,5.0
2019,12,C1092,AS27133,94.0
2019,10,C3013,AS21126,1.0
2019,10,C3013,AS46000,1.0
2019,10,C3013,AS27134,9.0
2019,10,C3013,AS27132,10.0
2019,10,C3013,AS27000,11.0
2019,10,C3013,AS27137,10.0
2019,10,C3013,AS27138,10.0
2019,10,C3013,AS27133,20.0
2019,11,C3013,AS21126,1.0
2019,11,C3013,AS46000,1.0
2019,11,C3013,AS27134,9.0
2019,11,C3013,AS27132,10.0
2019,11,C3013,AS27000,11.0
2019,11,C3013,AS27137,10.0
2019,11,C3013,AS27138,10.0
2019,11,C3013,AS27133,20.0
2019,12,C3013,AS21126,1.0
2019,12,C3013,AS46000,1.0
2019,12,C3013,AS27134,9.0
2019,12,C3013,AS27132,10.0
2019,12,C3013,AS27000,11.0
2019,12,C3013,AS27137,10.0
2019,12,C3013,AS27138,10.0
2019,12,C3013,AS27133,20.0
2019,10,C2127,AS21126,4.0
2019,10,C2127,AS42018,14.0
2019,10,C2127,AS27134,61.0
2019,10,C2127,AS27132,14.0
2019,10,C2127,AS27000,11.0
2019,10,C2127,AS27139,1.0
2019,10,C2127,AS27137,14.0
2019,10,C2127,AS27138,14.0
2019,10,C2127,AS27133,57.0
2019,10,C3043,AS27134,7.0
2019,10,C3043,AS27137,1.0
2019,10,C3043,AS27138,1.0
2019,10,C3043,AS27133,13.0
2019,10,C3018,AS27134,7.0
2019,10,C3018,AS27132,4.0
2019,10,C3018,AS27000,2.0
2019,10,C3018,AS27137,4.0
2019,10,C3018,AS27133,29.0
2019,10,C3021,AS27132,7.0
2019,10,C3021,AS27000,2.0
2019,10,C3021,AS27137,7.0
2019,10,C3021,AS27138,7.0
2019,10,C3021,AS27133,1.0
2019,10,C3016,AS27134,7.0
2019,10,C3016,AS27132,2.0
2019,10,C3016,AS27000,2.0
2019,10,C3016,AS27137,2.0
2019,10,C3016,AS27133,38.0
2019,11,C3043,AS27134,7.0
2019,11,C3043,AS27137,1.0
2019,11,C3043,AS27138,1.0
2019,11,C3043,AS27133,13.0
2019,11,C2127,AS21126,4.0
2019,11,C2127,AS42018,14.0
2019,11,C2127,AS27134,61.0
2019,11,C2127,AS27132,14.0
2019,11,C2127,AS27000,11.0
2019,11,C2127,AS27139,1.0
2019,11,C2127,AS27137,14.0
2019,11,C2127,AS27138,14.0
2019,11,C2127,AS27133,57.0
2019,11,C3021,AS27132,7.0
2019,11,C3021,AS27000,2.0
2019,11,C3021,AS27137,7.0
2019,11,C3021,AS27138,7.0
2019,11,C3021,AS27133,1.0
2019,11,C3016,AS27134,7.0
2019,11,C3016,AS27132,2.0
2019,11,C3016,AS27000,2.0
2019,11,C3016,AS27137,2.0
2019,11,C3016,AS27133,38.0
2019,11,C3018,AS27134,7.0
2019,11,C3018,AS27132,4.0
2019,11,C3018,AS27000,2.0
2019,11,C3018,AS27137,4.0
2019,11,C3018,AS27133,29.0
2019,12,C3021,AS27132,7.0
2019,12,C3021,AS27000,2.0
2019,12,C3021,AS27137,7.0
2019,12,C3021,AS27138,7.0
2019,12,C3021,AS27133,1.0
2019,12,C3018,AS27134,7.0
2019,12,C3018,AS27132,4.0
2019,12,C3018,AS27000,2.0
2019,12,C3018,AS27137,4.0
2019,12,C3018,AS27133,29.0
2019,12,C2127,AS21126,4.0
2019,12,C2127,AS42018,14.0
2019,12,C2127,AS27134,61.0
2019,12,C2127,AS27132,14.0
2019,12,C2127,AS27000,11.0
2019,12,C2127,AS27139,1.0
2019,12,C2127,AS27137,14.0
2019,12,C2127,AS27138,14.0
2019,12,C2127,AS27133,57.0
2019,12,C3016,AS27134,7.0
2019,12,C3016,AS27132,2.0
2019,12,C3016,AS27000,2.0
2019,12,C3016,AS27137,2.0
2019,12,C3016,AS27133,38.0
2019,12,C3043,AS21126,1.0
2019,12,C3043,AS27134,7.0
2019,12,C3043,AS27137,1.0
2019,12,C3043,AS27138,1.0
2019,10,C5020,AS46000,1.0
2019,10,C5020,AS27134,4.0
2019,10,C5020,AS27000,7.0
2019,10,C5020,AS27137,8.0
2019,10,C5020,AS27138,8.0
2019,10,C5020,AS27133,27.0
2019,11,C5020,AS46000,1.0
2019,11,C5020,AS27134,4.0
2019,11,C5020,AS27000,7.0
2019,11,C5020,AS27137,8.0
2019,11,C5020,AS27138,8.0
2019,11,C5020,AS27133,27.0
2019,12,C5020,AS46000,1.0
2019,12,C5020,AS27134,4.0
2019,12,C5020,AS27000,7.0
2019,12,C5020,AS27137,8.0
2019,12,C5020,AS27138,8.0
2019,12,C5020,AS27133,27.0
2019,10,C1035,AS46000,18.0
2019,10,C1035,AS27134,1.0
2019,10,C1035,AS27132,3.0
2019,10,C1035,AS27000,12.0
2019,10,C1035,AS27137,3.0
2019,10,C1035,AS27138,3.0
2019,10,C1035,AS27133,2.0
2019,10,C1058,AS21126,1.0
2019,10,C1058,AS27000,1.0
2019,10,C1058,AS27137,3.0
2019,10,C1030,AS42018,4.0
2019,10,C1030,AS21126,1.0
2019,10,C1030,AS46000,1.0
2019,10,C1030,AS17005,4.0
2019,10,C1030,AS27134,3.0
2019,10,C1030,AS27132,4.0
2019,10,C1030,AS27000,57.0
2019,10,C1030,AS27139,1.0
2019,10,C1030,AS27137,4.0
2019,10,C1030,AS27138,4.0
2019,10,C1030,AS27133,19.0
2019,10,C1094,AS27000,44.0
2019,10,C1094,AS27137,15.0
2019,10,C1094,AS27138,15.0
2019,10,C1069,AS42018,8.0
2019,10,C1069,AS27134,1.0
2019,10,C1069,AS27132,8.0
2019,10,C1069,AS27000,70.0
2019,10,C1069,AS27137,8.0
2019,10,C1069,AS27138,8.0
2019,10,C1069,AS27133,49.0
2019,10,C1027,AS21126,1.0
2019,10,C1027,AS42018,5.0
2019,10,C1027,AS46000,1.0
2019,10,C1027,AS17005,5.0
2019,10,C1027,AS27134,11.0
2019,10,C1027,AS27132,5.0
2019,10,C1027,AS27000,30.0
2019,10,C1027,AS27137,5.0
2019,10,C1027,AS27138,5.0
2019,10,C1027,AS27133,24.0
2019,10,C1024,AS46000,7.0
2019,10,C1024,AS17005,7.0
2019,10,C1024,AS27134,26.0
2019,10,C1024,AS27132,7.0
2019,10,C1024,AS27000,443.0
2019,10,C1024,AS27137,7.0
2019,10,C1024,AS27138,7.0
2019,10,C1024,AS27133,81.0
2019,10,C1101,AS27134,4.0
2019,10,C1101,AS27132,2.0
2019,10,C1101,AS27000,13.0
2019,10,C1101,AS27137,2.0
2019,10,C1101,AS27138,2.0
2019,10,C1101,AS27133,20.0
2019,10,C1015,AS42018,2.0
2019,10,C1015,AS21126,1.0
2019,10,C1015,AS46000,22.0
2019,10,C1015,AS17005,2.0
2019,10,C1015,AS27134,10.0
2019,10,C1015,AS27132,2.0
2019,10,C1015,AS27000,15.0
2019,10,C1015,AS27139,1.0
2019,10,C1015,AS27137,2.0
2019,10,C1015,AS27138,2.0
2019,10,C1015,AS27133,22.0
2019,11,C1035,AS46000,18.0
2019,11,C1035,AS27134,1.0
2019,11,C1035,AS27132,3.0
2019,11,C1035,AS27000,12.0
2019,11,C1035,AS27137,3.0
2019,11,C1035,AS27138,3.0
2019,11,C1035,AS27133,2.0
2019,11,C1094,AS27000,44.0
2019,11,C1094,AS27137,15.0
2019,11,C1094,AS27138,15.0
2019,11,C1027,AS42018,5.0
2019,11,C1027,AS21126,1.0
2019,11,C1027,AS46000,1.0
2019,11,C1027,AS17005,5.0
2019,11,C1027,AS27134,11.0
2019,11,C1027,AS27132,5.0
2019,11,C1027,AS27000,30.0
2019,11,C1027,AS27137,5.0
2019,11,C1027,AS27138,5.0
2019,11,C1027,AS27133,24.0
2019,11,C1015,AS21126,1.0
2019,11,C1015,AS42018,2.0
2019,11,C1015,AS46000,22.0
2019,11,C1015,AS17005,2.0
2019,11,C1015,AS27134,10.0
2019,11,C1015,AS27132,2.0
2019,11,C1015,AS27000,15.0
2019,11,C1015,AS27139,1.0
2019,11,C1015,AS27137,2.0
2019,11,C1015,AS27138,2.0
2019,11,C1015,AS27133,22.0
2019,11,C1058,AS21126,1.0
2019,11,C1058,AS27000,1.0
2019,11,C1058,AS27137,3.0
2019,11,C1030,AS42018,4.0
2019,11,C1030,AS21126,1.0
2019,11,C1030,AS46000,1.0
2019,11,C1030,AS17005,4.0
2019,11,C1030,AS27134,3.0
2019,11,C1030,AS27132,4.0
2019,11,C1030,AS27000,57.0
2019,11,C1030,AS27139,1.0
2019,11,C1030,AS27137,4.0
2019,11,C1030,AS27138,4.0
2019,11,C1030,AS27133,19.0
2019,11,C1101,AS27134,4.0
2019,11,C1101,AS27132,2.0
2019,11,C1101,AS27000,13.0
2019,11,C1101,AS27137,2.0
2019,11,C1101,AS27138,2.0
2019,11,C1101,AS27133,20.0
2019,11,C1069,AS42018,8.0
2019,11,C1069,AS27134,1.0
2019,11,C1069,AS27132,8.0
2019,11,C1069,AS27000,70.0
2019,11,C1069,AS27137,8.0
2019,11,C1069,AS27138,8.0
2019,11,C1069,AS27133,49.0
2019,11,C1024,AS46000,7.0
2019,11,C1024,AS17005,7.0
2019,11,C1024,AS27134,26.0
2019,11,C1024,AS27132,7.0
2019,11,C1024,AS27000,443.0
2019,11,C1024,AS27137,7.0
2019,11,C1024,AS27138,7.0
2019,11,C1024,AS27133,81.0
2019,12,C1035,AS46000,18.0
2019,12,C1035,AS27134,1.0
2019,12,C1035,AS27132,3.0
2019,12,C1035,AS27000,12.0
2019,12,C1035,AS27137,3.0
2019,12,C1035,AS27138,3.0
2019,12,C1035,AS27133,2.0
2019,12,C1015,AS42018,2.0
2019,12,C1015,AS21126,1.0
2019,12,C1015,AS46000,22.0
2019,12,C1015,AS17005,2.0
2019,12,C1015,AS27134,10.0
2019,12,C1015,AS27132,2.0
2019,12,C1015,AS27000,15.0
2019,12,C1015,AS27139,1.0
2019,12,C1015,AS27137,2.0
2019,12,C1015,AS27138,2.0
2019,12,C1015,AS27133,22.0
2019,12,C1069,AS42018,8.0
2019,12,C1069,AS27134,1.0
2019,12,C1069,AS27132,8.0
2019,12,C1069,AS27000,70.0
2019,12,C1069,AS27137,8.0
2019,12,C1069,AS27138,8.0
2019,12,C1069,AS27133,49.0
2019,12,C1030,AS21126,1.0
2019,12,C1030,AS42018,4.0
2019,12,C1030,AS46000,1.0
2019,12,C1030,AS17005,4.0
2019,12,C1030,AS27134,3.0
2019,12,C1030,AS27132,4.0
2019,12,C1030,AS27000,57.0
2019,12,C1030,AS27139,1.0
2019,12,C1030,AS27137,4.0
2019,12,C1030,AS27138,4.0
2019,12,C1030,AS27133,19.0
2019,12,C1058,AS21126,1.0
2019,12,C1058,AS27000,1.0
2019,12,C1058,AS27137,3.0
2019,12,C1024,AS21126,1.0
2019,12,C1024,AS46000,7.0
2019,12,C1024,AS17005,7.0
2019,12,C1024,AS27134,26.0
2019,12,C1024,AS27132,7.0
2019,12,C1024,AS27000,443.0
2019,12,C1024,AS27137,7.0
2019,12,C1024,AS27138,7.0
2019,12,C1024,AS27133,81.0
2019,12,C1101,AS27134,4.0
2019,12,C1101,AS27132,2.0
2019,12,C1101,AS27000,13.0
2019,12,C1101,AS27137,2.0
2019,12,C1101,AS27138,2.0
2019,12,C1101,AS27133,20.0
2019,12,C1027,AS42018,5.0
2019,12,C1027,AS21126,1.0
2019,12,C1027,AS46000,1.0
2019,12,C1027,AS17005,5.0
2019,12,C1027,AS27134,11.0
2019,12,C1027,AS27132,5.0
2019,12,C1027,AS27000,30.0
2019,12,C1027,AS27137,5.0
2019,12,C1027,AS27138,5.0
2019,12,C1027,AS27133,24.0
2019,12,C1094,AS27000,44.0
2019,12,C1094,AS27137,15.0
2019,12,C1094,AS27138,15.0
2019,10,C2059,AS27000,15.0
2019,10,C2059,AS27137,15.0
2019,10,C2059,AS27138,15.0
2019,10,C2059,AS27133,38.0
2019,11,C2059,AS27000,15.0
2019,11,C2059,AS27137,15.0
2019,11,C2059,AS27138,15.0
2019,11,C2059,AS27133,38.0
2019,12,C2059,AS27000,15.0
2019,12,C2059,AS27137,15.0
2019,12,C2059,AS27138,15.0
2019,12,C2059,AS27133,38.0
2019,10,C5001,AS27134,16.0
2019,10,C5001,AS27000,12.0
2019,10,C5001,AS27137,25.0
2019,10,C5001,AS27138,25.0
2019,10,C5001,AS27133,51.0
2019,11,C5001,AS27134,16.0
2019,11,C5001,AS27000,12.0
2019,11,C5001,AS27137,25.0
2019,11,C5001,AS27138,25.0
2019,11,C5001,AS27133,51.0
2019,12,C5001,AS27134,16.0
2019,12,C5001,AS27000,12.0
2019,12,C5001,AS27137,25.0
2019,12,C5001,AS27138,25.0
2019,12,C5001,AS27133,51.0
2019,10,C3017,AS46000,20.0
2019,10,C3017,AS27134,2.0
2019,10,C3017,AS27000,35.0
2019,10,C3017,AS27137,13.0
2019,10,C3017,AS27138,13.0
2019,10,C3017,AS27133,28.0
2019,11,C3017,AS46000,20.0
2019,11,C3017,AS27134,2.0
2019,11,C3017,AS27000,35.0
2019,11,C3017,AS27137,13.0
2019,11,C3017,AS27138,13.0
2019,11,C3017,AS27133,28.0
2019,12,C3017,AS46000,20.0
2019,12,C3017,AS27134,2.0
2019,12,C3017,AS27000,35.0
2019,12,C3017,AS27137,13.0
2019,12,C3017,AS27138,13.0
2019,12,C3017,AS27133,28.0
2019,10,C4022,AS21126,6.0
2019,10,C4022,AS27134,11.0
2019,10,C4022,AS27132,2.0
2019,10,C4022,AS27000,5.0
2019,10,C4022,AS27139,1.0
2019,10,C4022,AS27137,2.0
2019,10,C4022,AS27138,2.0
2019,10,C4022,AS27133,27.0
2019,11,C4022,AS21126,6.0
2019,11,C4022,AS27134,11.0
2019,11,C4022,AS27132,2.0
2019,11,C4022,AS27000,5.0
2019,11,C4022,AS27139,1.0
2019,11,C4022,AS27137,2.0
2019,11,C4022,AS27138,2.0
2019,11,C4022,AS27133,27.0
2019,12,C4022,AS21126,6.0
2019,12,C4022,AS27134,11.0
2019,12,C4022,AS27132,2.0
2019,12,C4022,AS27000,5.0
2019,12,C4022,AS27139,1.0
2019,12,C4022,AS27137,2.0
2019,12,C4022,AS27138,2.0
2019,12,C4022,AS27133,27.0
2019,10,C5066,AS27137,4.0
2019,10,C5066,AS27138,4.0
2019,10,C5066,AS27133,30.0
2019,11,C5066,AS27137,4.0
2019,11,C5066,AS27138,4.0
2019,11,C5066,AS27133,30.0
2019,12,C5066,AS27137,4.0
2019,12,C5066,AS27138,4.0
2019,12,C5066,AS27133,30.0
2019,10,C4003,AS46000,1.0
2019,10,C4003,AS27137,3.0
2019,10,C4003,AS27133,25.0
2019,11,C4003,AS46000,1.0
2019,11,C4003,AS27137,3.0
2019,11,C4003,AS27133,25.0
2019,12,C4003,AS46000,1.0
2019,12,C4003,AS27137,3.0
2019,12,C4003,AS27133,25.0
2019,10,C3022,AS27000,2.0
2019,10,C3022,AS27137,7.0
2019,10,C3022,AS27138,7.0
2019,10,C3022,AS27133,25.0
2019,10,C3019,AS27134,2.0
2019,10,C3019,AS27000,9.0
2019,10,C3019,AS27137,9.0
2019,10,C3019,AS27138,9.0
2019,10,C3019,AS27133,76.0
2019,11,C3019,AS27134,2.0
2019,11,C3019,AS27000,9.0
2019,11,C3019,AS27137,9.0
2019,11,C3019,AS27138,9.0
2019,11,C3019,AS27133,76.0
2019,11,C3022,AS27000,2.0
2019,11,C3022,AS27137,7.0
2019,11,C3022,AS27138,7.0
2019,11,C3022,AS27133,25.0
2019,12,C3019,AS21126,2.0
2019,12,C3019,AS27134,2.0
2019,12,C3019,AS27000,9.0
2019,12,C3019,AS27137,9.0
2019,12,C3019,AS27138,9.0
2019,12,C3019,AS27133,76.0
2019,12,C3022,AS27000,2.0
2019,12,C3022,AS27137,7.0
2019,12,C3022,AS27138,7.0
2019,12,C3022,AS27133,25.0
2019,10,C5003,AS27000,12.0
2019,10,C5003,AS27137,29.0
2019,10,C5003,AS27138,29.0
2019,10,C5003,AS27133,46.0
2019,10,C5063,AS46000,5.0
2019,10,C5063,AS17005,2.0
2019,10,C5063,AS27134,4.0
2019,10,C5063,AS27000,3.0
2019,10,C5063,AS27137,2.0
2019,10,C5063,AS27138,2.0
2019,10,C5063,AS27133,16.0
2019,11,C5063,AS46000,5.0
2019,11,C5063,AS17005,2.0
2019,11,C5063,AS27134,4.0
2019,11,C5063,AS27000,3.0
2019,11,C5063,AS27137,2.0
2019,11,C5063,AS27138,2.0
2019,11,C5063,AS27133,16.0
2019,11,C5003,AS27000,12.0
2019,11,C5003,AS27137,29.0
2019,11,C5003,AS27138,29.0
2019,11,C5003,AS27133,46.0
2019,12,C5003,AS27000,12.0
2019,12,C5003,AS27137,29.0
2019,12,C5003,AS27138,29.0
2019,12,C5003,AS27133,46.0
2019,12,C5063,AS46000,5.0
2019,12,C5063,AS17005,2.0
2019,12,C5063,AS27134,4.0
2019,12,C5063,AS27000,3.0
2019,12,C5063,AS27137,2.0
2019,12,C5063,AS27138,2.0
2019,12,C5063,AS27133,16.0
2019,10,C3020,AS42018,8.0
2019,10,C3020,AS21126,1.0
2019,10,C3020,AS27134,2.0
2019,10,C3020,AS27132,8.0
2019,10,C3020,AS27000,20.0
2019,10,C3020,AS27139,1.0
2019,10,C3020,AS27137,8.0
2019,10,C3020,AS27138,8.0
2019,10,C3020,AS27133,90.0
2019,10,C3001,AS21126,1.0
2019,10,C3001,AS27134,2.0
2019,10,C3001,AS27132,1.0
2019,10,C3001,AS27000,9.0
2019,10,C3001,AS27139,1.0
2019,10,C3001,AS27137,1.0
2019,10,C3001,AS27138,1.0
2019,10,C3001,AS27133,6.0
2019,11,C3020,AS42018,8.0
2019,11,C3020,AS21126,1.0
2019,11,C3020,AS27134,2.0
2019,11,C3020,AS27132,8.0
2019,11,C3020,AS27000,20.0
2019,11,C3020,AS27139,1.0
2019,11,C3020,AS27137,8.0
2019,11,C3020,AS27138,8.0
2019,11,C3020,AS27133,90.0
2019,11,C3001,AS21126,1.0
2019,11,C3001,AS27134,2.0
2019,11,C3001,AS27132,1.0
2019,11,C3001,AS27000,9.0
2019,11,C3001,AS27139,1.0
2019,11,C3001,AS27137,1.0
2019,11,C3001,AS27138,1.0
2019,11,C3001,AS27133,6.0
2019,12,C3020,AS42018,8.0
2019,12,C3020,AS21126,1.0
2019,12,C3020,AS27134,2.0
2019,12,C3020,AS27132,8.0
2019,12,C3020,AS27000,20.0
2019,12,C3020,AS27139,1.0
2019,12,C3020,AS27137,8.0
2019,12,C3020,AS27138,8.0
2019,12,C3020,AS27133,90.0
2019,12,C3001,AS21126,1.0
2019,12,C3001,AS27134,2.0
2019,12,C3001,AS27132,1.0
2019,12,C3001,AS27000,9.0
2019,12,C3001,AS27139,1.0
2019,12,C3001,AS27137,1.0
2019,12,C3001,AS27138,1.0
2019,12,C3001,AS27133,6.0
2019,10,C2060,AS46000,46.0
2019,10,C2060,AS27134,7.0
2019,10,C2060,AS27132,6.0
2019,10,C2060,AS27000,21.0
2019,10,C2060,AS27139,1.0
2019,10,C2060,AS27138,6.0
2019,10,C2060,AS27133,59.0
2019,11,C2060,AS21126,1.0
2019,11,C2060,AS46000,46.0
2019,11,C2060,AS27134,7.0
2019,11,C2060,AS27132,6.0
2019,11,C2060,AS27000,21.0
2019,11,C2060,AS27139,1.0
2019,11,C2060,AS27138,6.0
2019,11,C2060,AS27133,59.0
2019,12,C2060,AS21126,1.0
2019,12,C2060,AS46000,46.0
2019,12,C2060,AS27134,7.0
2019,12,C2060,AS27132,6.0
2019,12,C2060,AS27000,21.0
2019,12,C2060,AS27139,1.0
2019,12,C2060,AS27138,6.0
2019,12,C2060,AS27133,59.0
2019,10,C4025,AS21126,1.0
2019,10,C4025,AS27000,16.0
2019,10,C4025,AS27137,3.0
2019,10,C4025,AS27138,3.0
2019,10,C4025,AS27133,23.0
2019,11,C4025,AS21126,1.0
2019,11,C4025,AS27000,16.0
2019,11,C4025,AS27137,3.0
2019,11,C4025,AS27138,3.0
2019,11,C4025,AS27133,23.0
2019,12,C4025,AS21126,1.0
2019,12,C4025,AS27000,16.0
2019,12,C4025,AS27137,3.0
2019,12,C4025,AS27138,3.0
2019,12,C4025,AS27133,23.0
2019,10,C2062,AS42018,3.0
2019,10,C2062,AS27134,7.0
2019,10,C2062,AS27132,3.0
2019,10,C2062,AS27000,19.0
2019,10,C2062,AS27139,1.0
2019,10,C2062,AS27137,3.0
2019,10,C2062,AS27138,3.0
2019,10,C2062,AS27133,28.0
2019,11,C2062,AS42018,3.0
2019,11,C2062,AS27134,7.0
2019,11,C2062,AS27132,3.0
2019,11,C2062,AS27000,19.0
2019,11,C2062,AS27139,1.0
2019,11,C2062,AS27137,3.0
2019,11,C2062,AS27138,3.0
2019,11,C2062,AS27133,28.0
2019,12,C2062,AS42018,3.0
2019,12,C2062,AS27134,7.0
2019,12,C2062,AS27132,3.0
2019,12,C2062,AS27000,19.0
2019,12,C2062,AS27139,1.0
2019,12,C2062,AS27137,3.0
2019,12,C2062,AS27138,3.0
2019,12,C2062,AS27133,28.0
2019,10,C2214,AS27000,12.0
2019,10,C2214,AS27138,8.0
2019,10,C2214,AS27133,36.0
2019,10,C2007,AS21126,1.0
2019,10,C2007,AS27134,4.0
2019,10,C2007,AS27132,11.0
2019,10,C2007,AS27000,13.0
2019,10,C2007,AS27137,11.0
2019,10,C2007,AS27138,11.0
2019,10,C2007,AS27133,35.0
2019,11,C2007,AS21126,1.0
2019,11,C2007,AS27134,4.0
2019,11,C2007,AS27132,11.0
2019,11,C2007,AS27000,13.0
2019,11,C2007,AS27137,11.0
2019,11,C2007,AS27138,11.0
2019,11,C2007,AS27133,35.0
2019,11,C2214,AS27000,12.0
2019,11,C2214,AS27138,8.0
2019,11,C2214,AS27133,36.0
2019,12,C2214,AS27000,12.0
2019,12,C2214,AS27138,8.0
2019,12,C2214,AS27133,36.0
2019,12,C2007,AS21126,1.0
2019,12,C2007,AS27134,4.0
2019,12,C2007,AS27132,11.0
2019,12,C2007,AS27000,13.0
2019,12,C2007,AS27137,11.0
2019,12,C2007,AS27138,11.0
2019,12,C2007,AS27133,35.0
2019,10,C1095,AS21126,1.0
2019,10,C1095,AS27134,1.0
2019,10,C1095,AS27132,3.0
2019,10,C1095,AS27000,1.0
2019,10,C1095,AS27137,3.0
2019,10,C1095,AS27138,3.0
2019,10,C1095,AS27133,43.0
2019,11,C1095,AS21126,1.0
2019,11,C1095,AS27134,1.0
2019,11,C1095,AS27132,3.0
2019,11,C1095,AS27000,1.0
2019,11,C1095,AS27137,3.0
2019,11,C1095,AS27138,3.0
2019,11,C1095,AS27133,43.0
2019,12,C1095,AS21126,1.0
2019,12,C1095,AS27134,1.0
2019,12,C1095,AS27132,3.0
2019,12,C1095,AS27000,1.0
2019,12,C1095,AS27137,3.0
2019,12,C1095,AS27138,3.0
2019,12,C1095,AS27133,43.0
2019,10,C2008,AS46000,14.0
2019,10,C2008,AS27132,12.0
2019,10,C2008,AS27000,2.0
2019,10,C2008,AS27137,12.0
2019,10,C2008,AS27138,12.0
2019,10,C2008,AS27133,10.0
2019,10,C2041,AS27132,8.0
2019,10,C2041,AS27000,12.0
2019,10,C2041,AS27137,8.0
2019,10,C2041,AS27138,8.0
2019,10,C2041,AS27133,41.0
2019,11,C2041,AS27132,8.0
2019,11,C2041,AS27000,12.0
2019,11,C2041,AS27137,8.0
2019,11,C2041,AS27138,8.0
2019,11,C2041,AS27133,41.0
2019,11,C2008,AS46000,14.0
2019,11,C2008,AS27132,12.0
2019,11,C2008,AS27000,2.0
2019,11,C2008,AS27137,12.0
2019,11,C2008,AS27138,12.0
2019,11,C2008,AS27133,10.0
2019,12,C2008,AS46000,14.0
2019,12,C2008,AS27132,12.0
2019,12,C2008,AS27000,2.0
2019,12,C2008,AS27137,12.0
2019,12,C2008,AS27138,12.0
2019,12,C2008,AS27133,10.0
2019,12,C2041,AS27132,8.0
2019,12,C2041,AS27000,12.0
2019,12,C2041,AS27137,8.0
2019,12,C2041,AS27138,8.0
2019,12,C2041,AS27133,41.0
2019,10,C1098,AS27134,15.0
2019,10,C1098,AS27132,5.0
2019,10,C1098,AS27000,30.0
2019,10,C1098,AS27139,1.0
2019,10,C1098,AS27137,5.0
2019,10,C1098,AS27138,5.0
2019,10,C1098,AS27133,17.0
2019,11,C1098,AS27134,15.0
2019,11,C1098,AS27132,5.0
2019,11,C1098,AS27000,30.0
2019,11,C1098,AS27139,1.0
2019,11,C1098,AS27137,5.0
2019,11,C1098,AS27138,5.0
2019,11,C1098,AS27133,17.0
2019,12,C1098,AS27134,15.0
2019,12,C1098,AS27132,5.0
2019,12,C1098,AS27000,30.0
2019,12,C1098,AS27139,1.0
2019,12,C1098,AS27137,5.0
2019,12,C1098,AS27138,5.0
2019,12,C1098,AS27133,17.0
2019,10,C2063,AS27134,12.0
2019,10,C2063,AS27132,16.0
2019,10,C2063,AS27000,24.0
2019,10,C2063,AS27137,16.0
2019,10,C2063,AS27138,16.0
2019,10,C2063,AS27133,92.0
2019,11,C2063,AS27134,12.0
2019,11,C2063,AS27132,16.0
2019,11,C2063,AS27000,24.0
2019,11,C2063,AS27137,16.0
2019,11,C2063,AS27138,16.0
2019,11,C2063,AS27133,92.0
2019,12,C2063,AS27134,12.0
2019,12,C2063,AS27132,16.0
2019,12,C2063,AS27000,24.0
2019,12,C2063,AS27137,16.0
2019,12,C2063,AS27138,16.0
2019,12,C2063,AS27133,92.0
2019,10,C2015,AS21126,1.0
2019,10,C2015,AS27134,7.0
2019,10,C2015,AS27000,6.0
2019,10,C2015,AS27139,1.0
2019,10,C2015,AS27137,5.0
2019,10,C2015,AS27138,5.0
2019,10,C2015,AS27133,16.0
2019,10,C2064,AS46000,1.0
2019,10,C2064,AS27134,12.0
2019,10,C2064,AS27132,21.0
2019,10,C2064,AS27000,142.0
2019,10,C2064,AS27139,1.0
2019,10,C2064,AS27137,21.0
2019,10,C2064,AS27138,21.0
2019,10,C2064,AS27133,126.0
2019,10,C1411,AS21126,2.0
2019,10,C1411,AS42018,7.0
2019,10,C1411,AS27134,1.0
2019,10,C1411,AS27132,7.0
2019,10,C1411,AS27000,19.0
2019,10,C1411,AS27139,1.0
2019,10,C1411,AS27137,7.0
2019,10,C1411,AS27138,7.0
2019,10,C1411,AS27133,37.0
2019,10,C2050,AS27134,7.0
2019,10,C2050,AS27132,2.0
2019,10,C2050,AS27000,4.0
2019,10,C2050,AS27137,2.0
2019,10,C2050,AS27138,2.0
2019,10,C2050,AS27133,10.0
2019,11,C2050,AS27134,7.0
2019,11,C2050,AS27132,2.0
2019,11,C2050,AS27000,4.0
2019,11,C2050,AS27137,2.0
2019,11,C2050,AS27138,2.0
2019,11,C2050,AS27133,10.0
2019,11,C2064,AS46000,1.0
2019,11,C2064,AS27134,12.0
2019,11,C2064,AS27132,21.0
2019,11,C2064,AS27000,142.0
2019,11,C2064,AS27139,1.0
2019,11,C2064,AS27137,21.0
2019,11,C2064,AS27138,21.0
2019,11,C2064,AS27133,126.0
2019,11,C1411,AS42018,7.0
2019,11,C1411,AS21126,2.0
2019,11,C1411,AS27134,1.0
2019,11,C1411,AS27132,7.0
2019,11,C1411,AS27000,19.0
2019,11,C1411,AS27139,1.0
2019,11,C1411,AS27137,7.0
2019,11,C1411,AS27138,7.0
2019,11,C1411,AS27133,37.0
2019,11,C2015,AS21126,1.0
2019,11,C2015,AS27134,7.0
2019,11,C2015,AS27000,6.0
2019,11,C2015,AS27139,1.0
2019,11,C2015,AS27137,5.0
2019,11,C2015,AS27138,5.0
2019,11,C2015,AS27133,16.0
2019,12,C2050,AS27134,7.0
2019,12,C2050,AS27132,2.0
2019,12,C2050,AS27000,4.0
2019,12,C2050,AS27137,2.0
2019,12,C2050,AS27138,2.0
2019,12,C2050,AS27133,10.0
2019,12,C2015,AS21126,1.0
2019,12,C2015,AS27134,7.0
2019,12,C2015,AS27000,6.0
2019,12,C2015,AS27139,1.0
2019,12,C2015,AS27137,5.0
2019,12,C2015,AS27138,5.0
2019,12,C2015,AS27133,16.0
2019,12,C2064,AS46000,1.0
2019,12,C2064,AS27134,12.0
2019,12,C2064,AS27132,21.0
2019,12,C2064,AS27000,142.0
2019,12,C2064,AS27139,1.0
2019,12,C2064,AS27137,21.0
2019,12,C2064,AS27138,21.0
2019,12,C2064,AS27133,126.0
2019,12,C1411,AS42018,7.0
2019,12,C1411,AS21126,2.0
2019,12,C1411,AS27134,1.0
2019,12,C1411,AS27132,7.0
2019,12,C1411,AS27000,19.0
2019,12,C1411,AS27139,1.0
2019,12,C1411,AS27137,7.0
2019,12,C1411,AS27138,7.0
2019,12,C1411,AS27133,37.0
2019,10,C2066,AS21126,1.0
2019,10,C2066,AS46000,1.0
2019,10,C2066,AS27134,18.0
2019,10,C2066,AS27000,17.0
2019,10,C2066,AS27139,1.0
2019,10,C2066,AS27137,19.0
2019,10,C2066,AS27138,19.0
2019,10,C2066,AS27133,67.0
2019,11,C2066,AS21126,1.0
2019,11,C2066,AS46000,1.0
2019,11,C2066,AS27134,18.0
2019,11,C2066,AS27000,17.0
2019,11,C2066,AS27139,1.0
2019,11,C2066,AS27137,19.0
2019,11,C2066,AS27138,19.0
2019,11,C2066,AS27133,67.0
2019,12,C2066,AS21126,1.0
2019,12,C2066,AS46000,1.0
2019,12,C2066,AS27134,18.0
2019,12,C2066,AS27000,17.0
2019,12,C2066,AS27139,1.0
2019,12,C2066,AS27137,19.0
2019,12,C2066,AS27138,19.0
2019,12,C2066,AS27133,67.0
2019,10,C4021,AS21126,1.0
2019,10,C4021,AS42018,2.0
2019,10,C4021,AS46000,1.0
2019,10,C4021,AS17005,2.0
2019,10,C4021,AS27134,13.0
2019,10,C4021,AS27132,2.0
2019,10,C4021,AS27000,2.0
2019,10,C4021,AS27139,1.0
2019,10,C4021,AS27137,2.0
2019,10,C4021,AS27138,2.0
2019,10,C4021,AS27133,5.0
2019,10,C4020,AS27134,1.0
2019,10,C4020,AS27132,1.0
2019,10,C4020,AS27000,4.0
2019,10,C4020,AS27138,1.0
2019,10,C4020,AS27133,10.0
2019,10,C2168,AS42018,1.0
2019,10,C2168,AS21126,1.0
2019,10,C2168,AS46000,36.0
2019,10,C2168,AS17005,1.0
2019,10,C2168,AS27134,5.0
2019,10,C2168,AS27132,1.0
2019,10,C2168,AS27000,1.0
2019,10,C2168,AS27139,1.0
2019,10,C2168,AS27137,1.0
2019,10,C2168,AS27138,1.0
2019,10,C2168,AS27133,3.0
2019,10,C4026,AS46000,1.0
2019,10,C4026,AS27134,28.0
2019,10,C4026,AS27132,1.0
2019,10,C4026,AS27000,23.0
2019,10,C4026,AS27137,1.0
2019,10,C4026,AS27138,1.0
2019,10,C4026,AS27133,17.0
2019,11,C4021,AS42018,2.0
2019,11,C4021,AS21126,1.0
2019,11,C4021,AS46000,1.0
2019,11,C4021,AS17005,2.0
2019,11,C4021,AS27134,13.0
2019,11,C4021,AS27132,2.0
2019,11,C4021,AS27000,2.0
2019,11,C4021,AS27139,1.0
2019,11,C4021,AS27137,2.0
2019,11,C4021,AS27138,2.0
2019,11,C4021,AS27133,5.0
2019,11,C2168,AS42018,1.0
2019,11,C2168,AS21126,1.0
2019,11,C2168,AS46000,36.0
2019,11,C2168,AS17005,1.0
2019,11,C2168,AS27134,5.0
2019,11,C2168,AS27132,1.0
2019,11,C2168,AS27000,1.0
2019,11,C2168,AS27139,1.0
2019,11,C2168,AS27137,1.0
2019,11,C2168,AS27138,1.0
2019,11,C2168,AS27133,3.0
2019,11,C4020,AS27134,1.0
2019,11,C4020,AS27132,1.0
2019,11,C4020,AS27000,4.0
2019,11,C4020,AS27138,1.0
2019,11,C4020,AS27133,10.0
2019,11,C4026,AS46000,1.0
2019,11,C4026,AS27134,28.0
2019,11,C4026,AS27132,1.0
2019,11,C4026,AS27000,23.0
2019,11,C4026,AS27137,1.0
2019,11,C4026,AS27138,1.0
2019,11,C4026,AS27133,17.0
2019,12,C4021,AS21126,1.0
2019,12,C4021,AS42018,2.0
2019,12,C4021,AS46000,1.0
2019,12,C4021,AS17005,2.0
2019,12,C4021,AS27134,13.0
2019,12,C4021,AS27132,2.0
2019,12,C4021,AS27000,2.0
2019,12,C4021,AS27139,1.0
2019,12,C4021,AS27137,2.0
2019,12,C4021,AS27138,2.0
2019,12,C4021,AS27133,5.0
2019,12,C2168,AS21126,1.0
2019,12,C2168,AS42018,1.0
2019,12,C2168,AS46000,36.0
2019,12,C2168,AS17005,1.0
2019,12,C2168,AS27134,5.0
2019,12,C2168,AS27132,1.0
2019,12,C2168,AS27000,1.0
2019,12,C2168,AS27139,1.0
2019,12,C2168,AS27137,1.0
2019,12,C2168,AS27138,1.0
2019,12,C2168,AS27133,3.0
2019,12,C4020,AS27134,1.0
2019,12,C4020,AS27132,1.0
2019,12,C4020,AS27000,4.0
2019,12,C4020,AS27138,1.0
2019,12,C4020,AS27133,10.0
2019,12,C4026,AS46000,1.0
2019,12,C4026,AS27134,28.0
2019,12,C4026,AS27132,1.0
2019,12,C4026,AS27000,23.0
2019,12,C4026,AS27137,1.0
2019,12,C4026,AS27138,1.0
2019,12,C4026,AS27133,17.0
2019,10,C3023,AS42018,2.0
2019,10,C3023,AS46000,51.0
2019,10,C3023,AS27134,6.0
2019,10,C3023,AS27132,2.0
2019,10,C3023,AS27000,4.0
2019,10,C3023,AS27137,2.0
2019,10,C3023,AS27138,2.0
2019,10,C3023,AS27133,18.0
2019,11,C3023,AS42018,2.0
2019,11,C3023,AS46000,51.0
2019,11,C3023,AS27134,6.0
2019,11,C3023,AS27132,2.0
2019,11,C3023,AS27000,4.0
2019,11,C3023,AS27137,2.0
2019,11,C3023,AS27138,2.0
2019,11,C3023,AS27133,18.0
2019,12,C3023,AS42018,2.0
2019,12,C3023,AS46000,51.0
2019,12,C3023,AS27134,6.0
2019,12,C3023,AS27132,2.0
2019,12,C3023,AS27000,4.0
2019,12,C3023,AS27137,2.0
2019,12,C3023,AS27138,2.0
2019,12,C3023,AS27133,18.0
2019,10,C1701,AS21126,1.0
2019,10,C1701,AS27139,1.0
2019,10,C1701,AS27138,1.0
2019,10,C1701,AS27133,1.0
2019,10,C1009,AS27132,3.0
2019,10,C1009,AS27000,14.0
2019,10,C1009,AS27137,3.0
2019,10,C1009,AS27138,3.0
2019,10,C1009,AS27133,55.0
2019,10,C1112,AS21126,1.0
2019,10,C1112,AS42018,4.0
2019,10,C1112,AS46000,9.0
2019,10,C1112,AS17005,4.0
2019,10,C1112,AS27134,3.0
2019,10,C1112,AS27132,4.0
2019,10,C1112,AS27000,6.0
2019,10,C1112,AS27139,1.0
2019,10,C1112,AS27137,4.0
2019,10,C1112,AS27138,4.0
2019,10,C1112,AS27133,28.0
2019,10,C2065,AS21126,1.0
2019,10,C2065,AS46000,50.0
2019,10,C2065,AS17005,2.0
2019,10,C2065,AS27134,8.0
2019,10,C2065,AS27132,2.0
2019,10,C2065,AS27000,29.0
2019,10,C2065,AS27139,1.0
2019,10,C2065,AS27137,2.0
2019,10,C2065,AS27138,2.0
2019,10,C2065,AS27133,45.0
2019,11,C1701,AS21126,1.0
2019,11,C1701,AS27139,1.0
2019,11,C1701,AS27138,1.0
2019,11,C1701,AS27133,1.0
2019,11,C1112,AS42018,4.0
2019,11,C1112,AS21126,1.0
2019,11,C1112,AS46000,9.0
2019,11,C1112,AS17005,4.0
2019,11,C1112,AS27134,3.0
2019,11,C1112,AS27132,4.0
2019,11,C1112,AS27000,6.0
2019,11,C1112,AS27139,1.0
2019,11,C1112,AS27137,4.0
2019,11,C1112,AS27138,4.0
2019,11,C1112,AS27133,28.0
2019,11,C2065,AS21126,1.0
2019,11,C2065,AS46000,50.0
2019,11,C2065,AS27134,8.0
2019,11,C2065,AS27132,2.0
2019,11,C2065,AS27000,29.0
2019,11,C2065,AS27139,1.0
2019,11,C2065,AS27137,2.0
2019,11,C2065,AS27138,2.0
2019,11,C2065,AS27133,45.0
2019,11,C1009,AS27132,3.0
2019,11,C1009,AS27000,14.0
2019,11,C1009,AS27137,3.0
2019,11,C1009,AS27138,3.0
2019,11,C1009,AS27133,55.0
2019,12,C1701,AS21126,1.0
2019,12,C1701,AS27139,1.0
2019,12,C1701,AS27138,1.0
2019,12,C1701,AS27133,1.0
2019,12,C1009,AS27132,3.0
2019,12,C1009,AS27000,14.0
2019,12,C1009,AS27137,3.0
2019,12,C1009,AS27138,3.0
2019,12,C1009,AS27133,55.0
2019,12,C1112,AS42018,4.0
2019,12,C1112,AS21126,1.0
2019,12,C1112,AS46000,9.0
2019,12,C1112,AS17005,4.0
2019,12,C1112,AS27134,3.0
2019,12,C1112,AS27132,4.0
2019,12,C1112,AS27000,6.0
2019,12,C1112,AS27139,1.0
2019,12,C1112,AS27137,4.0
2019,12,C1112,AS27138,4.0
2019,12,C1112,AS27133,28.0
2019,12,C2065,AS21126,1.0
2019,12,C2065,AS46000,50.0
2019,12,C2065,AS27134,8.0
2019,12,C2065,AS27132,2.0
2019,12,C2065,AS27000,29.0
2019,12,C2065,AS27139,1.0
2019,12,C2065,AS27137,2.0
2019,12,C2065,AS27138,2.0
2019,12,C2065,AS27133,45.0
2019,10,C2068,AS27134,9.0
2019,10,C2068,AS27000,18.0
2019,10,C2068,AS27139,1.0
2019,10,C2068,AS27137,3.0
2019,10,C2068,AS27138,3.0
2019,10,C2068,AS27133,47.0
2019,11,C2068,AS27134,9.0
2019,11,C2068,AS27000,18.0
2019,11,C2068,AS27137,3.0
2019,11,C2068,AS27138,3.0
2019,11,C2068,AS27133,47.0
2019,12,C2068,AS27134,9.0
2019,12,C2068,AS27000,18.0
2019,12,C2068,AS27137,3.0
2019,12,C2068,AS27138,3.0
2019,12,C2068,AS27133,47.0
2019,10,C5004,AS42018,15.0
2019,10,C5004,AS21126,3.0
2019,10,C5004,AS46000,36.0
2019,10,C5004,AS27132,15.0
2019,10,C5004,AS27000,9.0
2019,10,C5004,AS27139,1.0
2019,10,C5004,AS27137,15.0
2019,10,C5004,AS27138,15.0
2019,10,C5004,AS27133,19.0
2019,11,C5004,AS21126,3.0
2019,11,C5004,AS42018,15.0
2019,11,C5004,AS46000,36.0
2019,11,C5004,AS27132,15.0
2019,11,C5004,AS27000,9.0
2019,11,C5004,AS27139,1.0
2019,11,C5004,AS27137,15.0
2019,11,C5004,AS27138,15.0
2019,11,C5004,AS27133,19.0
2019,12,C5004,AS42018,15.0
2019,12,C5004,AS21126,3.0
2019,12,C5004,AS46000,36.0
2019,12,C5004,AS27132,15.0
2019,12,C5004,AS27000,9.0
2019,12,C5004,AS27139,1.0
2019,12,C5004,AS27137,15.0
2019,12,C5004,AS27138,15.0
2019,12,C5004,AS27133,19.0
2019,10,C5021,AS27134,1.0
2019,10,C5021,AS27000,3.0
2019,10,C5021,AS27137,4.0
2019,10,C5021,AS27138,4.0
2019,10,C5021,AS27133,15.0
2019,11,C5021,AS27134,1.0
2019,11,C5021,AS27000,3.0
2019,11,C5021,AS27137,4.0
2019,11,C5021,AS27138,4.0
2019,11,C5021,AS27133,15.0
2019,12,C5021,AS27134,1.0
2019,12,C5021,AS27000,3.0
2019,12,C5021,AS27137,4.0
2019,12,C5021,AS27138,4.0
2019,12,C5021,AS27133,15.0
2019,10,C2069,AS27134,45.0
2019,10,C2069,AS27132,5.0
2019,10,C2069,AS27000,125.0
2019,10,C2069,AS27139,1.0
2019,10,C2069,AS27137,5.0
2019,10,C2069,AS27138,5.0
2019,10,C2069,AS27133,88.0
2019,10,C2052,AS27134,1.0
2019,10,C2052,AS27132,1.0
2019,10,C2052,AS27000,5.0
2019,10,C2052,AS27133,16.0
2019,10,C2057,AS27134,6.0
2019,10,C2057,AS27132,2.0
2019,10,C2057,AS27000,20.0
2019,10,C2057,AS27138,2.0
2019,10,C2057,AS27133,49.0
2019,11,C2069,AS27134,45.0
2019,11,C2069,AS27132,5.0
2019,11,C2069,AS27000,125.0
2019,11,C2069,AS27139,1.0
2019,11,C2069,AS27137,5.0
2019,11,C2069,AS27138,5.0
2019,11,C2069,AS27133,88.0
2019,11,C2052,AS27134,1.0
2019,11,C2052,AS27132,1.0
2019,11,C2052,AS27000,5.0
2019,11,C2052,AS27133,16.0
2019,11,C2057,AS27134,6.0
2019,11,C2057,AS27132,2.0
2019,11,C2057,AS27000,20.0
2019,11,C2057,AS27138,2.0
2019,11,C2057,AS27133,49.0
2019,12,C2052,AS27134,1.0
2019,12,C2052,AS27132,1.0
2019,12,C2052,AS27000,5.0
2019,12,C2052,AS27133,16.0
2019,12,C2057,AS27134,6.0
2019,12,C2057,AS27132,2.0
2019,12,C2057,AS27000,20.0
2019,12,C2057,AS27138,2.0
2019,12,C2057,AS27133,49.0
2019,12,C2069,AS27134,45.0
2019,12,C2069,AS27132,5.0
2019,12,C2069,AS27000,125.0
2019,12,C2069,AS27139,1.0
2019,12,C2069,AS27137,5.0
2019,12,C2069,AS27138,5.0
2019,12,C2069,AS27133,88.0
2019,10,C1061,AS42018,4.0
2019,10,C1061,AS21126,1.0
2019,10,C1061,AS27134,1.0
2019,10,C1061,AS27132,4.0
2019,10,C1061,AS27000,39.0
2019,10,C1061,AS27137,4.0
2019,10,C1061,AS27138,4.0
2019,10,C1061,AS27133,58.0
2019,10,C1072,AS21126,1.0
2019,10,C1072,AS27134,1.0
2019,10,C1072,AS27132,3.0
2019,10,C1072,AS27000,2.0
2019,10,C1072,AS27139,1.0
2019,10,C1072,AS27137,3.0
2019,10,C1072,AS27138,3.0
2019,10,C1072,AS27133,13.0
2019,11,C1061,AS21126,1.0
2019,11,C1061,AS42018,4.0
2019,11,C1061,AS27134,1.0
2019,11,C1061,AS27132,4.0
2019,11,C1061,AS27000,39.0
2019,11,C1061,AS27137,4.0
2019,11,C1061,AS27138,4.0
2019,11,C1061,AS27133,58.0
2019,11,C1072,AS21126,1.0
2019,11,C1072,AS27134,1.0
2019,11,C1072,AS27132,3.0
2019,11,C1072,AS27000,2.0
2019,11,C1072,AS27139,1.0
2019,11,C1072,AS27137,3.0
2019,11,C1072,AS27138,3.0
2019,11,C1072,AS27133,13.0
2019,12,C1061,AS42018,4.0
2019,12,C1061,AS21126,1.0
2019,12,C1061,AS27134,1.0
2019,12,C1061,AS27132,4.0
2019,12,C1061,AS27000,39.0
2019,12,C1061,AS27137,4.0
2019,12,C1061,AS27138,4.0
2019,12,C1061,AS27133,58.0
2019,12,C1072,AS21126,1.0
2019,12,C1072,AS27134,1.0
2019,12,C1072,AS27132,3.0
2019,12,C1072,AS27000,2.0
2019,12,C1072,AS27139,1.0
2019,12,C1072,AS27137,3.0
2019,12,C1072,AS27138,3.0
2019,12,C1072,AS27133,13.0
2019,10,C2070,AS46000,7.0
2019,10,C2070,AS27134,1.0
2019,10,C2070,AS27132,7.0
2019,10,C2070,AS27000,6.0
2019,10,C2070,AS27137,7.0
2019,10,C2070,AS27138,7.0
2019,10,C2070,AS27133,37.0
2019,11,C2070,AS46000,7.0
2019,11,C2070,AS27134,1.0
2019,11,C2070,AS27132,7.0
2019,11,C2070,AS27000,6.0
2019,11,C2070,AS27137,7.0
2019,11,C2070,AS27138,7.0
2019,11,C2070,AS27133,37.0
2019,12,C2070,AS46000,7.0
2019,12,C2070,AS27134,1.0
2019,12,C2070,AS27132,7.0
2019,12,C2070,AS27000,6.0
2019,12,C2070,AS27137,7.0
2019,12,C2070,AS27138,7.0
2019,12,C2070,AS27133,37.0
2019,10,C2009,AS17005,2.0
2019,10,C2009,AS27132,2.0
2019,10,C2009,AS27000,10.0
2019,10,C2009,AS27138,2.0
2019,10,C2009,AS27133,19.0
2019,11,C2009,AS17005,2.0
2019,11,C2009,AS27132,2.0
2019,11,C2009,AS27000,10.0
2019,11,C2009,AS27138,2.0
2019,11,C2009,AS27133,19.0
2019,12,C2009,AS17005,2.0
2019,12,C2009,AS27132,2.0
2019,12,C2009,AS27000,10.0
2019,12,C2009,AS27138,2.0
2019,12,C2009,AS27133,19.0
2019,10,C1073,AS21126,1.0
2019,10,C1073,AS27134,11.0
2019,10,C1073,AS27132,14.0
2019,10,C1073,AS27000,44.0
2019,10,C1073,AS27137,14.0
2019,10,C1073,AS27138,14.0
2019,10,C1073,AS27133,110.0
2019,10,C1017,AS42018,3.0
2019,10,C1017,AS21126,1.0
2019,10,C1017,AS27134,1.0
2019,10,C1017,AS27132,3.0
2019,10,C1017,AS27000,1.0
2019,10,C1017,AS27137,3.0
2019,10,C1017,AS27138,3.0
2019,10,C1017,AS27133,15.0
2019,10,C1078,AS21126,1.0
2019,10,C1078,AS42018,4.0
2019,10,C1078,AS27134,20.0
2019,10,C1078,AS27132,4.0
2019,10,C1078,AS27000,189.0
2019,10,C1078,AS27137,4.0
2019,10,C1078,AS27138,4.0
2019,10,C1078,AS27133,54.0
2019,10,C1070,AS21126,1.0
2019,10,C1070,AS27134,3.0
2019,10,C1070,AS27132,2.0
2019,10,C1070,AS27000,7.0
2019,11,C1017,AS21126,1.0
2019,11,C1017,AS42018,3.0
2019,11,C1017,AS27134,1.0
2019,11,C1017,AS27132,3.0
2019,11,C1017,AS27000,1.0
2019,11,C1017,AS27137,3.0
2019,11,C1017,AS27138,3.0
2019,11,C1017,AS27133,15.0
2019,11,C1073,AS21126,1.0
2019,11,C1073,AS27134,11.0
2019,11,C1073,AS27132,14.0
2019,11,C1073,AS27000,44.0
2019,11,C1073,AS27137,14.0
2019,11,C1073,AS27138,14.0
2019,11,C1073,AS27133,110.0
2019,11,C1070,AS21126,1.0
2019,11,C1070,AS27134,3.0
2019,11,C1070,AS27132,2.0
2019,11,C1070,AS27000,7.0
2019,11,C1078,AS42018,4.0
2019,11,C1078,AS21126,1.0
2019,11,C1078,AS27134,20.0
2019,11,C1078,AS27132,4.0
2019,11,C1078,AS27000,189.0
2019,11,C1078,AS27137,4.0
2019,11,C1078,AS27138,4.0
2019,11,C1078,AS27133,54.0
2019,12,C1078,AS42018,4.0
2019,12,C1078,AS21126,1.0
2019,12,C1078,AS27134,20.0
2019,12,C1078,AS27132,4.0
2019,12,C1078,AS27000,189.0
2019,12,C1078,AS27137,4.0
2019,12,C1078,AS27138,4.0
2019,12,C1078,AS27133,54.0
2019,12,C1070,AS21126,1.0
2019,12,C1070,AS27134,3.0
2019,12,C1070,AS27132,2.0
2019,12,C1070,AS27000,7.0
2019,12,C1073,AS21126,1.0
2019,12,C1073,AS27134,11.0
2019,12,C1073,AS27132,14.0
2019,12,C1073,AS27000,44.0
2019,12,C1073,AS27137,14.0
2019,12,C1073,AS27138,14.0
2019,12,C1073,AS27133,110.0
2019,12,C1017,AS21126,1.0
2019,12,C1017,AS42018,3.0
2019,12,C1017,AS27134,1.0
2019,12,C1017,AS27132,3.0
2019,12,C1017,AS27000,1.0
2019,12,C1017,AS27137,3.0
2019,12,C1017,AS27138,3.0
2019,12,C1017,AS27133,15.0
2019,10,C1077,AS21126,7.0
2019,10,C1077,AS27134,8.0
2019,10,C1077,AS27132,13.0
2019,10,C1077,AS27000,342.0
2019,10,C1077,AS27137,13.0
2019,10,C1077,AS27138,13.0
2019,10,C1077,AS27133,10.0
2019,10,C1067,AS27134,2.0
2019,10,C1067,AS27000,21.0
2019,10,C1067,AS27137,8.0
2019,10,C1067,AS27133,4.0
2019,10,C1099,AS21126,1.0
2019,10,C1099,AS42018,7.0
2019,10,C1099,AS17005,7.0
2019,10,C1099,AS27134,1.0
2019,10,C1099,AS27000,12.0
2019,10,C1099,AS27137,7.0
2019,10,C1099,AS27138,7.0
2019,10,C1099,AS27133,110.0
2019,10,C1007,AS21126,1.0
2019,10,C1007,AS42018,18.0
2019,10,C1007,AS46000,1.0
2019,10,C1007,AS17005,18.0
2019,10,C1007,AS27134,8.0
2019,10,C1007,AS27132,18.0
2019,10,C1007,AS27000,81.0
2019,10,C1007,AS27139,1.0
2019,10,C1007,AS27137,18.0
2019,10,C1007,AS27138,18.0
2019,10,C1007,AS27133,28.0
2019,10,C1074,AS27134,17.0
2019,10,C1074,AS27132,8.0
2019,10,C1074,AS27000,42.0
2019,10,C1074,AS27137,8.0
2019,10,C1074,AS27138,8.0
2019,10,C1074,AS27133,6.0
2019,10,C1028,AS21126,1.0
2019,10,C1028,AS17005,2.0
2019,10,C1028,AS27134,1.0
2019,10,C1028,AS27132,2.0
2019,10,C1028,AS27000,29.0
2019,10,C1028,AS27137,2.0
2019,10,C1028,AS27138,2.0
2019,10,C1028,AS27133,36.0
2019,11,C1099,AS42018,7.0
2019,11,C1099,AS21126,1.0
2019,11,C1099,AS17005,7.0
2019,11,C1099,AS27137,7.0
2019,11,C1099,AS27138,7.0
2019,11,C1007,AS42018,18.0
2019,11,C1007,AS27134,8.0
2019,11,C1007,AS27132,18.0
2019,11,C1007,AS27000,81.0
2019,11,C1007,AS27139,1.0
2019,11,C1007,AS27137,18.0
2019,11,C1007,AS27138,18.0
2019,11,C1007,AS27133,28.0
2019,11,C1077,AS21126,7.0
2019,11,C1077,AS27134,8.0
2019,11,C1077,AS27132,13.0
2019,11,C1077,AS27000,342.0
2019,11,C1077,AS27137,13.0
2019,11,C1077,AS27138,13.0
2019,11,C1077,AS27133,10.0
2019,11,C1028,AS21126,1.0
2019,11,C1028,AS17005,2.0
2019,11,C1028,AS27134,1.0
2019,11,C1028,AS27132,2.0
2019,11,C1028,AS27000,29.0
2019,11,C1028,AS27137,2.0
2019,11,C1028,AS27138,2.0
2019,11,C1028,AS27133,36.0
2019,11,C1067,AS27134,2.0
2019,11,C1067,AS27000,21.0
2019,11,C1067,AS27137,8.0
2019,11,C1067,AS27133,4.0
2019,11,C1074,AS27134,17.0
2019,11,C1074,AS27132,8.0
2019,11,C1074,AS27000,42.0
2019,11,C1074,AS27137,8.0
2019,11,C1074,AS27138,8.0
2019,11,C1074,AS27133,6.0
2019,12,C1099,AS42018,7.0
2019,12,C1099,AS21126,1.0
2019,12,C1099,AS17005,7.0
2019,12,C1099,AS27137,7.0
2019,12,C1099,AS27138,7.0
2019,12,C1028,AS21126,1.0
2019,12,C1028,AS17005,2.0
2019,12,C1028,AS27134,1.0
2019,12,C1028,AS27132,2.0
2019,12,C1028,AS27000,29.0
2019,12,C1028,AS27137,2.0
2019,12,C1028,AS27138,2.0
2019,12,C1028,AS27133,36.0
2019,12,C1074,AS27134,17.0
2019,12,C1074,AS27132,8.0
2019,12,C1074,AS27000,42.0
2019,12,C1074,AS27137,8.0
2019,12,C1074,AS27138,8.0
2019,12,C1074,AS27133,6.0
2019,12,C1077,AS21126,7.0
2019,12,C1077,AS27134,8.0
2019,12,C1077,AS27132,13.0
2019,12,C1077,AS27000,342.0
2019,12,C1077,AS27137,13.0
2019,12,C1077,AS27138,13.0
2019,12,C1077,AS27133,10.0
2019,12,C1067,AS27134,2.0
2019,12,C1067,AS27000,21.0
2019,12,C1067,AS27137,8.0
2019,12,C1067,AS27133,4.0
2019,10,C5006,AS27134,13.0
2019,10,C5006,AS27132,5.0
2019,10,C5006,AS27000,12.0
2019,10,C5006,AS27139,1.0
2019,10,C5006,AS27137,5.0
2019,10,C5006,AS27138,5.0
2019,10,C5006,AS27133,117.0
2019,11,C5006,AS27134,13.0
2019,11,C5006,AS27132,5.0
2019,11,C5006,AS27000,12.0
2019,11,C5006,AS27139,1.0
2019,11,C5006,AS27137,5.0
2019,11,C5006,AS27138,5.0
2019,11,C5006,AS27133,117.0
2019,12,C5006,AS27134,13.0
2019,12,C5006,AS27132,5.0
2019,12,C5006,AS27000,12.0
2019,12,C5006,AS27139,1.0
2019,12,C5006,AS27137,5.0
2019,12,C5006,AS27138,5.0
2019,12,C5006,AS27133,117.0
2019,10,C2071,AS46000,11.0
2019,10,C2071,AS27134,1.0
2019,10,C2071,AS27132,4.0
2019,10,C2071,AS27000,1.0
2019,10,C2071,AS27139,4.0
2019,10,C2071,AS27137,4.0
2019,10,C2071,AS27138,4.0
2019,10,C2071,AS27133,28.0
2019,11,C2071,AS46000,11.0
2019,11,C2071,AS27134,1.0
2019,11,C2071,AS27132,4.0
2019,11,C2071,AS27000,1.0
2019,11,C2071,AS27139,4.0
2019,11,C2071,AS27137,4.0
2019,11,C2071,AS27138,4.0
2019,11,C2071,AS27133,28.0
2019,12,C2071,AS46000,11.0
2019,12,C2071,AS27134,1.0
2019,12,C2071,AS27132,4.0
2019,12,C2071,AS27000,1.0
2019,12,C2071,AS27139,4.0
2019,12,C2071,AS27137,4.0
2019,12,C2071,AS27138,4.0
2019,12,C2071,AS27133,28.0
2019,10,C2055,AS27132,6.0
2019,10,C2055,AS27000,10.0
2019,10,C2055,AS27139,1.0
2019,10,C2055,AS27137,6.0
2019,10,C2055,AS27138,6.0
2019,10,C2055,AS27133,21.0
2019,11,C2055,AS27132,6.0
2019,11,C2055,AS27000,10.0
2019,11,C2055,AS27139,1.0
2019,11,C2055,AS27137,6.0
2019,11,C2055,AS27138,6.0
2019,11,C2055,AS27133,21.0
2019,12,C2055,AS27132,6.0
2019,12,C2055,AS27000,10.0
2019,12,C2055,AS27139,1.0
2019,12,C2055,AS27137,6.0
2019,12,C2055,AS27138,6.0
2019,12,C2055,AS27133,21.0
2019,10,C5076,AS27132,1.0
2019,10,C5076,AS27000,1.0
2019,10,C5076,AS27139,1.0
2019,10,C5076,AS27137,1.0
2019,10,C5076,AS27138,1.0
2019,10,C5076,AS27133,30.0
2019,11,C5076,AS27132,1.0
2019,11,C5076,AS27000,1.0
2019,11,C5076,AS27139,1.0
2019,11,C5076,AS27137,1.0
2019,11,C5076,AS27138,1.0
2019,11,C5076,AS27133,30.0
2019,12,C5076,AS46000,4.0
2019,12,C5076,AS27132,1.0
2019,12,C5076,AS27000,1.0
2019,12,C5076,AS27139,1.0
2019,12,C5076,AS27137,1.0
2019,12,C5076,AS27138,1.0
2019,12,C5076,AS27133,30.0
